Customer_No,Gender,LiteracyLevel,MaritalStatus,Occupation,ApplicantIncome,LoanHistroy,LoanTerm,LoanAmount,LoanStatus
4405001,FEMALE,NOT SPECIFIED,MARRIED,GOVERNMENT_EMPLOYEE,24166.55,2,36,30000,Accepted
4405002,FEMALE,NOT SPECIFIED,MARRIED,GOVERNMENT_EMPLOYEE,8055.75,2,36,10000,Rejected
4405003,FEMALE,PRIMARY/ELEMENTARY,MARRIED,TRADE/BUSINESS,32912.85,2,36,50000,Accepted
4405004,FEMALE,PRIMARY/ELEMENTARY,MARRIED,TRADE/BUSINESS,21849.1,1,36,30000,Rejected
4405005,FEMALE,NOT SPECIFIED,MARRIED,GOVERNMENT_EMPLOYEE,19999.8,1,36,30000,Accepted
4405006,FEMALE,NOT SPECIFIED,MARRIED,TRADE/BUSINESS,9166.45,1,24,20000,Rejected
4405007,FEMALE,NOT SPECIFIED,MARRIED,TRADE/BUSINESS,6875.0,1,24,15000,Rejected
4405008,FEMALE,PRIMARY/ELEMENTARY,MARRIED,TRADE/BUSINESS,30555.4,2,36,50000,Accepted
4405009,FEMALE,NOT SPECIFIED,MARRIED,TRADE/BUSINESS,30555.4,2,36,50000,Accepted
4405010,FEMALE,NOT SPECIFIED,SINGLE,TRADE/BUSINESS,14692.35,2,36,30000,Rejected
4405011,FEMALE,PRIMARY/ELEMENTARY,MARRIED,TRADE/BUSINESS,17499.75,1,36,30000,Rejected
4405012,FEMALE,NOT SPECIFIED,UNSPECIFIED,TRADE/BUSINESS,19166.45,1,36,30000,Rejected
4405013,FEMALE,NOT SPECIFIED,MARRIED,TRADE/BUSINESS,16666.4,1,36,30000,Rejected
4405014,FEMALE,PRIMARY/ELEMENTARY,MARRIED,TRADE/BUSINESS,19166.45,1,36,30000,Rejected
4405015,FEMALE,PRIMARY/ELEMENTARY,MARRIED,GOVERNMENT_EMPLOYEE,30555.4,2,36,50000,Accepted
4405016,FEMALE,NOT SPECIFIED,UNSPECIFIED,OTHERS,5556.0,1,36,10000,Rejected
4405017,FEMALE,NOT SPECIFIED,MARRIED,TRADE/BUSINESS,27777.6,2,36,50000,Accepted
4405018,FEMALE,NOT SPECIFIED,MARRIED,TRADE/BUSINESS,18333.1,1,36,30000,Accepted
4405019,FEMALE,NOT SPECIFIED,MARRIED,TRADE/BUSINESS,18333.1,1,36,30000,Rejected
4405020,FEMALE,NOT SPECIFIED,UNSPECIFIED,OTHERS,16666.4,2,36,30000,Rejected
4405021,FEMALE,NOT SPECIFIED,MARRIED,TRADE/BUSINESS,30555.4,2,36,50000,Rejected
4405022,FEMALE,NOT SPECIFIED,MARRIED,TRADE/BUSINESS,26228.7,1,36,50000,Rejected
4405023,FEMALE,NOT SPECIFIED,MARRIED,TRADE/BUSINESS,14166.35,2,36,30000,Accepted
4405024,FEMALE,PRIMARY/ELEMENTARY,MARRIED,TRADE/BUSINESS,14999.7,2,36,30000,Rejected
4405025,FEMALE,PRIMARY/ELEMENTARY,SINGLE,TRADE/BUSINESS,16666.4,1,36,30000,Rejected
4405026,FEMALE,PRIMARY/ELEMENTARY,MARRIED,TRADE/BUSINESS,16666.4,1,36,30000,Rejected
4405027,FEMALE,NOT SPECIFIED,UNSPECIFIED,OTHERS,15833.05,1,36,30000,Rejected
4405028,FEMALE,NOT SPECIFIED,UNSPECIFIED,OTHERS,17499.75,1,36,30000,Rejected
4405029,FEMALE,PRIMARY/ELEMENTARY,MARRIED,FARMING,15833.05,2,36,30000,Rejected
4405030,FEMALE,PRIMARY/ELEMENTARY,UNSPECIFIED,OTHERS,16528.2,2,36,35000,Rejected
4405031,FEMALE,NOT SPECIFIED,MARRIED,TRADE/BUSINESS,13888.8,2,36,25000,Rejected
4405032,FEMALE,NOT SPECIFIED,UNSPECIFIED,OTHERS,14166.35,2,36,30000,Rejected
4405033,FEMALE,NOT SPECIFIED,UNSPECIFIED,GOVERNMENT_EMPLOYEE,15833.05,1,36,30000,Rejected
4405034,FEMALE,PRIMARY/ELEMENTARY,MARRIED,TRADE/BUSINESS,27778.4,2,36,50000,Rejected
4405035,FEMALE,NOT SPECIFIED,MARRIED,TRADE/BUSINESS,27658.4,2,36,50000,Accepted
4405036,FEMALE,NOT SPECIFIED,MARRIED,TRADE/BUSINESS,19166.45,1,36,30000,Accepted
4405037,FEMALE,PRIMARY/ELEMENTARY,MARRIED,OTHERS,9444.55,2,36,20000,Accepted
4405038,FEMALE,NOT SPECIFIED,MARRIED,FARMING,7777.9,1,36,20000,Rejected
4405039,FEMALE,NOT SPECIFIED,MARRIED,OTHERS,7777.9,1,36,20000,Rejected
4405040,FEMALE,PRIMARY/ELEMENTARY,MARRIED,OTHERS,11586.3,2,36,30000,Rejected
4405041,FEMALE,PRIMARY/ELEMENTARY,MARRIED,TRADE/BUSINESS,11506.3,2,36,30000,Accepted
4405042,FEMALE,NOT SPECIFIED,MARRIED,FARMING,12499.65,2,36,30000,Accepted
4405043,FEMALE,NOT SPECIFIED,MARRIED,TRADE/BUSINESS,33122.95,2,36,50000,Accepted
4405044,FEMALE,NOT SPECIFIED,SINGLE,TRADE/BUSINESS,6587.0,2,36,10000,Rejected
4405045,FEMALE,NOT SPECIFIED,SINGLE,OTHERS,33333.2,2,36,50000,Rejected
4405046,FEMALE,NOT SPECIFIED,UNSPECIFIED,OTHERS,33333.2,2,36,50000,Rejected
4405047,FEMALE,NOT SPECIFIED,MARRIED,TRADE/BUSINESS,19999.8,1,36,30000,Rejected
4405048,FEMALE,NOT SPECIFIED,MARRIED,OTHERS,19999.8,1,36,30000,Rejected
4405049,FEMALE,PRIMARY/ELEMENTARY,MARRIED,GOVERNMENT_EMPLOYEE,15277.7,1,36,25000,Accepted
4405050,FEMALE,PRIMARY/ELEMENTARY,MARRIED,OTHERS,19999.8,2,36,30000,Accepted
4405051,FEMALE,PRIMARY/ELEMENTARY,MARRIED,OTHERS,8750.0,1,24,15000,Rejected
4405052,FEMALE,NOT SPECIFIED,MARRIED,OTHERS,5833.5,1,24,10000,Rejected
4405053,FEMALE,NOT SPECIFIED,MARRIED,TRADE/BUSINESS,21562.2,1,36,30000,Rejected
4405054,FEMALE,PRIMARY/ELEMENTARY,SINGLE,GOVERNMENT_EMPLOYEE,21666.5,2,36,30000,Rejected
4405055,FEMALE,PRIMARY/ELEMENTARY,MARRIED,TRADE/BUSINESS,18991.45,1,36,30000,Rejected
4405056,FEMALE,NOT SPECIFIED,MARRIED,OTHERS,18991.45,1,36,30000,Rejected
4405057,FEMALE,NOT SPECIFIED,MARRIED,OTHERS,22499.85,1,36,30000,Rejected
4405058,FEMALE,NOT SPECIFIED,SINGLE,OTHERS,24999.9,1,36,30000,Rejected
4405059,FEMALE,PRIMARY/ELEMENTARY,MARRIED,OTHERS,17499.75,1,36,30000,Rejected
4405060,FEMALE,NOT SPECIFIED,MARRIED,OTHERS,29560.25,2,36,50000,Rejected
4405061,FEMALE,NOT SPECIFIED,MARRIED,OTHERS,6111.5,1,36,10000,Rejected
4405062,FEMALE,PRIMARY/ELEMENTARY,MARRIED,OTHERS,9166.9,1,36,15000,Rejected
4405063,FEMALE,NOT SPECIFIED,MARRIED,OTHERS,18333.1,1,36,30000,Accepted
4405064,FEMALE,NOT SPECIFIED,MARRIED,OTHERS,30555.4,3,36,50000,Accepted
4405065,FEMALE,PRIMARY/ELEMENTARY,MARRIED,OTHERS,30555.4,3,36,50000,Accepted
4405066,FEMALE,PRIMARY/ELEMENTARY,MARRIED,OTHERS,29166.5,3,36,50000,Accepted
4405067,FEMALE,NOT SPECIFIED,MARRIED,OTHERS,23610.9,3,36,50000,Accepted
4405068,FEMALE,NOT SPECIFIED,MARRIED,OTHERS,19999.8,1,36,30000,Rejected
4405069,FEMALE,NOT SPECIFIED,MARRIED,OTHERS,33333.2,2,36,50000,Accepted
4405070,FEMALE,NOT SPECIFIED,SINGLE,OTHERS,5000.0,1,24,15000,Rejected
4405071,FEMALE,NOT SPECIFIED,MARRIED,OTHERS,7500.0,2,24,15000,Rejected
4405072,FEMALE,NOT SPECIFIED,MARRIED,OTHERS,31944.3,2,36,50000,Accepted
4405073,FEMALE,NOT SPECIFIED,MARRIED,OTHERS,8033.6,1,36,15000,Rejected
4405074,FEMALE,NOT SPECIFIED,MARRIED,TRADE/BUSINESS,16699.75,1,36,30000,Rejected
4405075,FEMALE,NOT SPECIFIED,MARRIED,OTHERS,17499.75,1,36,30000,Rejected
4405076,FEMALE,PRIMARY/ELEMENTARY,MARRIED,OTHERS,15000.0,1,24,30000,Accepted
4405077,FEMALE,PRIMARY/ELEMENTARY,MARRIED,OTHERS,10000.0,1,24,30000,Rejected
4405078,FEMALE,NOT SPECIFIED,MARRIED,OTHERS,15833.05,2,36,30000,Rejected
4405079,FEMALE,NOT SPECIFIED,MARRIED,OTHERS,21111.3,2,36,40000,Accepted
4405080,FEMALE,PRIMARY/ELEMENTARY,WIDOWED,GOVERNMENT_EMPLOYEE,21111.3,2,36,40000,Accepted
4405081,FEMALE,PRIMARY/ELEMENTARY,MARRIED,OTHERS,20000.2,2,36,40000,Accepted
4405082,FEMALE,NOT SPECIFIED,MARRIED,OTHERS,15833.05,3,36,30000,Rejected
4405083,FEMALE,NOT SPECIFIED,MARRIED,OTHERS,23610.9,2,36,50000,Accepted
4405084,FEMALE,NOT SPECIFIED,SINGLE,OTHERS,4701.95,2,24,20000,Rejected
4405085,FEMALE,PRIMARY/ELEMENTARY,MARRIED,OTHERS,19166.45,1,36,30000,Accepted
4405086,FEMALE,NOT SPECIFIED,MARRIED,OTHERS,19166.45,1,36,30000,Accepted
4405087,FEMALE,NOT SPECIFIED,MARRIED,TRADE/BUSINESS,18686.45,3,36,30000,Accepted
4405088,FEMALE,PRIMARY/ELEMENTARY,SINGLE,OTHERS,21715.15,1,36,30000,Accepted
4405089,FEMALE,NOT SPECIFIED,MARRIED,OTHERS,8333.6,2,36,15000,Rejected
4405090,FEMALE,NOT SPECIFIED,MARRIED,OTHERS,13333.4,2,36,20000,Accepted
4405091,FEMALE,PRIMARY/ELEMENTARY,MARRIED,OTHERS,15116.1,2,36,30000,Accepted
4405092,FEMALE,PRIMARY/ELEMENTARY,MARRIED,OTHERS,28086.5,2,36,50000,Rejected
4405093,FEMALE,NOT SPECIFIED,MARRIED,OTHERS,6111.5,2,36,10000,Rejected
4405094,FEMALE,NOT SPECIFIED,MARRIED,OTHERS,15118.1,3,36,30000,Accepted
4405095,FEMALE,NOT SPECIFIED,MARRIED,OTHERS,27566.5,3,36,50000,Accepted
4405096,FEMALE,NOT SPECIFIED,MARRIED,OTHERS,11250.0,2,24,30000,Accepted
4405097,FEMALE,NOT SPECIFIED,MARRIED,OTHERS,1874.75,1,24,5000,Rejected
4405098,FEMALE,NOT SPECIFIED,MARRIED,OTHERS,16666.4,1,36,30000,Accepted
4405099,FEMALE,NOT SPECIFIED,MARRIED,OTHERS,16666.4,1,36,30000,Accepted
4405100,FEMALE,NOT SPECIFIED,SINGLE,OTHERS,10555.65,1,36,20000,Accepted
4405101,FEMALE,NOT SPECIFIED,UNSPECIFIED,OTHERS,16619.75,1,36,30000,Accepted
4405102,FEMALE,NOT SPECIFIED,UNSPECIFIED,OTHERS,15833.05,1,36,30000,Accepted
4405103,FEMALE,PRIMARY/ELEMENTARY,UNSPECIFIED,OTHERS,15833.05,1,36,30000,Accepted
4405104,FEMALE,PRIMARY/ELEMENTARY,SINGLE,TRADE/BUSINESS,15833.05,1,36,30000,Accepted
4405105,FEMALE,NOT SPECIFIED,MARRIED,OTHERS,10555.65,1,36,20000,Accepted
4405106,FEMALE,NOT SPECIFIED,MARRIED,OTHERS,7500.3,2,36,15000,Rejected
4405107,FEMALE,PRIMARY/ELEMENTARY,MARRIED,OTHERS,7500.3,2,36,15000,Rejected
4405108,FEMALE,PRIMARY/ELEMENTARY,MARRIED,OTHERS,8750.0,2,24,30000,Rejected
4405109,FEMALE,NOT SPECIFIED,MARRIED,OTHERS,12499.65,2,36,30000,Accepted
4405110,FEMALE,NOT SPECIFIED,MARRIED,OTHERS,3888.45,2,36,10000,Rejected
4405111,FEMALE,NOT SPECIFIED,MARRIED,OTHERS,4166.2,2,36,10000,Rejected
4405112,FEMALE,PRIMARY/ELEMENTARY,MARRIED,OTHERS,21666.5,1,36,30000,Accepted
4405113,FEMALE,NOT SPECIFIED,MARRIED,TRADE/BUSINESS,19999.8,1,36,30000,Accepted
4405114,FEMALE,NOT SPECIFIED,MARRIED,OTHERS,21666.5,1,36,30000,Accepted
4405115,FEMALE,PRIMARY/ELEMENTARY,SINGLE,OTHERS,2499.4,2,24,10000,Rejected
4405116,FEMALE,NOT SPECIFIED,MARRIED,OTHERS,6666.8,1,36,20000,Rejected
4405117,FEMALE,NOT SPECIFIED,MARRIED,TRADE/BUSINESS,14999.7,2,36,30000,Accepted
4405118,FEMALE,PRIMARY/ELEMENTARY,MARRIED,OTHERS,14999.7,2,36,30000,Accepted
4405119,FEMALE,PRIMARY/ELEMENTARY,SINGLE,OTHERS,2499.8,2,36,5000,Rejected
4405120,FEMALE,NOT SPECIFIED,MARRIED,GOVERNMENT_EMPLOYEE,14999.7,1,36,30000,Accepted
4405121,FEMALE,NOT SPECIFIED,MARRIED,TRADE/BUSINESS,14999.7,1,36,30000,Accepted
4405122,FEMALE,NOT SPECIFIED,MARRIED,OTHERS,15833.05,1,36,30000,Accepted
4405123,FEMALE,NOT SPECIFIED,MARRIED,OTHERS,15833.05,1,36,30000,Accepted
4405124,FEMALE,NOT SPECIFIED,MARRIED,OTHERS,24999.8,3,36,50000,Accepted
4405125,FEMALE,NOT SPECIFIED,MARRIED,OTHERS,24999.8,3,36,50000,Accepted
4405126,FEMALE,NOT SPECIFIED,MARRIED,TRADE/BUSINESS,26388.7,3,36,50000,Accepted
4405127,FEMALE,NOT SPECIFIED,MARRIED,TRADE/BUSINESS,24719.8,2,36,50000,Accepted
4405128,FEMALE,NOT SPECIFIED,SINGLE,OTHERS,24919.8,2,36,50000,Accepted
4405129,FEMALE,PRIMARY/ELEMENTARY,MARRIED,TRADE/BUSINESS,4599.7,3,24,20000,Rejected
4405130,FEMALE,PRIMARY/ELEMENTARY,SINGLE,OTHERS,3253.0,1,24,20000,Rejected
4405131,FEMALE,PRIMARY/ELEMENTARY,MARRIED,OTHERS,3253.0,1,24,20000,Rejected
4405132,FEMALE,NOT SPECIFIED,MARRIED,TRADE/BUSINESS,12500.0,1,24,30000,Accepted
4405133,FEMALE,NOT SPECIFIED,MARRIED,OTHERS,13333.0,1,36,30000,Accepted
4405134,FEMALE,PRIMARY/ELEMENTARY,SINGLE,OTHERS,13333.0,1,36,30000,Accepted
4405135,FEMALE,PRIMARY/ELEMENTARY,MARRIED,TRADE/BUSINESS,22223.0,2,36,50000,Accepted
4405136,FEMALE,NOT SPECIFIED,MARRIED,OTHERS,22223.0,2,36,50000,Accepted
4405137,FEMALE,NOT SPECIFIED,MARRIED,OTHERS,14999.7,1,36,30000,Accepted
4405138,FEMALE,NOT SPECIFIED,MARRIED,OTHERS,14166.35,1,36,30000,Accepted
4405139,FEMALE,PRIMARY/ELEMENTARY,MARRIED,TRADE/BUSINESS,15833.05,2,36,30000,Accepted
4405140,FEMALE,NOT SPECIFIED,MARRIED,OTHERS,15833.05,1,36,30000,Accepted
4405141,FEMALE,NOT SPECIFIED,MARRIED,OTHERS,7777.9,1,36,20000,Rejected
4405142,FEMALE,PRIMARY/ELEMENTARY,MARRIED,OTHERS,10986.5,1,36,20000,Accepted
4405143,FEMALE,NOT SPECIFIED,MARRIED,OTHERS,18825.35,1,36,30000,Accepted
4405144,FEMALE,NOT SPECIFIED,MARRIED,OTHERS,9999.6,2,36,30000,Rejected
4405145,FEMALE,PRIMARY/ELEMENTARY,MARRIED,OTHERS,5000.4,2,36,15000,Rejected
4405146,FEMALE,PRIMARY/ELEMENTARY,SINGLE,OTHERS,2223.0,3,36,10000,Rejected
4405147,FEMALE,NOT SPECIFIED,MARRIED,OTHERS,2138.5,2,24,5000,Rejected
4405148,FEMALE,NOT SPECIFIED,MARRIED,OTHERS,30555.4,2,36,50000,Accepted
4405149,FEMALE,NOT SPECIFIED,MARRIED,OTHERS,30555.4,2,36,50000,Accepted
4405150,FEMALE,NOT SPECIFIED,SINGLE,OTHERS,18686.45,1,36,30000,Accepted
4405151,FEMALE,NOT SPECIFIED,MARRIED,OTHERS,17099.75,1,36,30000,Accepted
4405152,FEMALE,NOT SPECIFIED,MARRIED,OTHERS,29166.5,2,36,50000,Accepted
4405153,FEMALE,NOT SPECIFIED,MARRIED,OTHERS,19166.45,1,36,30000,Accepted
4405154,FEMALE,NOT SPECIFIED,MARRIED,OTHERS,19166.45,1,36,30000,Accepted
4405155,FEMALE,NOT SPECIFIED,MARRIED,OTHERS,33333.2,2,36,50000,Accepted
4405156,FEMALE,PRIMARY/ELEMENTARY,MARRIED,TRADE/BUSINESS,10000.0,1,24,30000,Accepted
4405157,FEMALE,PRIMARY/ELEMENTARY,UNSPECIFIED,OTHERS,16266.4,1,36,30000,Accepted
4405158,FEMALE,NOT SPECIFIED,SINGLE,TRADE/BUSINESS,16666.4,1,36,30000,Accepted
4405159,FEMALE,NOT SPECIFIED,UNSPECIFIED,OTHERS,11250.0,1,24,30000,Accepted
4405160,FEMALE,PRIMARY/ELEMENTARY,SINGLE,TRADE/BUSINESS,16666.4,1,36,30000,Accepted
4405161,FEMALE,PRIMARY/ELEMENTARY,MARRIED,TRADE/BUSINESS,18333.1,1,36,30000,Accepted
4405162,FEMALE,NOT SPECIFIED,MARRIED,OTHERS,27777.6,2,36,50000,Accepted
4405163,FEMALE,NOT SPECIFIED,MARRIED,OTHERS,27777.6,2,36,50000,Accepted
4405164,FEMALE,NOT SPECIFIED,SINGLE,OTHERS,18333.1,1,36,30000,Accepted
4405165,FEMALE,PRIMARY/ELEMENTARY,UNSPECIFIED,OTHERS,19999.8,1,36,30000,Accepted
4405166,FEMALE,NOT SPECIFIED,UNSPECIFIED,OTHERS,14999.7,1,36,30000,Accepted
4405167,FEMALE,NOT SPECIFIED,UNSPECIFIED,OTHERS,16666.4,1,36,30000,Accepted
4405168,FEMALE,PRIMARY/ELEMENTARY,UNSPECIFIED,OTHERS,20065.1,1,36,30000,Accepted
4405169,FEMALE,NOT SPECIFIED,UNSPECIFIED,OTHERS,14999.7,1,36,30000,Accepted
4405170,FEMALE,NOT SPECIFIED,MARRIED,OTHERS,24999.8,2,36,50000,Accepted
4405171,FEMALE,PRIMARY/ELEMENTARY,MARRIED,OTHERS,22068.7,2,36,50000,Accepted
4405172,FEMALE,PRIMARY/ELEMENTARY,MARRIED,OTHERS,11111.0,1,36,25000,Accepted
4405173,FEMALE,NOT SPECIFIED,MARRIED,OTHERS,13333.0,1,36,30000,Accepted
4405174,FEMALE,NOT SPECIFIED,MARRIED,OTHERS,31764.3,2,36,50000,Accepted
4405175,FEMALE,NOT SPECIFIED,MARRIED,OTHERS,8666.0,2,36,26000,Rejected
4405176,FEMALE,NOT SPECIFIED,SINGLE,OTHERS,7464.95,1,36,30000,Rejected
4405177,FEMALE,NOT SPECIFIED,MARRIED,TRADE/BUSINESS,23839.8,3,36,50000,Accepted
4405178,FEMALE,NOT SPECIFIED,MARRIED,OTHERS,23610.9,2,36,50000,Accepted
4405179,FEMALE,NOT SPECIFIED,MARRIED,OTHERS,9166.25,1,36,30000,Rejected
4405180,FEMALE,NOT SPECIFIED,SINGLE,OTHERS,6715.9,2,36,30000,Rejected
4405181,FEMALE,NOT SPECIFIED,MARRIED,OTHERS,5001.6,2,36,15000,Rejected
4405182,FEMALE,NOT SPECIFIED,MARRIED,OTHERS,2502.0,2,36,15000,Rejected
4405183,FEMALE,PRIMARY/ELEMENTARY,MARRIED,OTHERS,4700.4,2,36,14100,Rejected
4405184,FEMALE,PRIMARY/ELEMENTARY,MARRIED,TRADE/BUSINESS,17111.6,2,36,44000,Accepted
4405185,FEMALE,PRIMARY/ELEMENTARY,MARRIED,OTHERS,20289.2,1,36,33200,Accepted
4405186,FEMALE,NOT SPECIFIED,MARRIED,OTHERS,19533.2,1,36,29300,Accepted
4405187,FEMALE,NOT SPECIFIED,MARRIED,OTHERS,5733.6,2,36,17200,Rejected
4405188,FEMALE,PRIMARY/ELEMENTARY,MARRIED,TRADE/BUSINESS,13875.25,2,36,37000,Accepted
4405189,FEMALE,PRIMARY/ELEMENTARY,MARRIED,OTHERS,14489.0,3,36,32600,Accepted
4405190,FEMALE,NOT SPECIFIED,MARRIED,OTHERS,6610.9,2,36,14000,Rejected
4405191,FEMALE,NOT SPECIFIED,MARRIED,TRADE/BUSINESS,17094.55,1,36,36200,Rejected
4405192,FEMALE,NOT SPECIFIED,SINGLE,OTHERS,19927.75,1,36,42200,Accepted
4405193,FEMALE,PRIMARY/ELEMENTARY,UNSPECIFIED,OTHERS,13600.0,1,36,28800,Rejected
4405194,FEMALE,NOT SPECIFIED,UNSPECIFIED,OTHERS,5600.0,3,36,12600,Rejected
4405195,FEMALE,NOT SPECIFIED,UNSPECIFIED,OTHERS,14134.0,3,36,31800,Accepted
4405196,FEMALE,PRIMARY/ELEMENTARY,SINGLE,OTHERS,14134.0,3,36,31800,Accepted
4405197,FEMALE,NOT SPECIFIED,MARRIED,OTHERS,5291.2,2,36,12700,Rejected
4405198,FEMALE,NOT SPECIFIED,MARRIED,OTHERS,15707.75,2,36,37700,Accepted
4405199,FEMALE,PRIMARY/ELEMENTARY,MARRIED,OTHERS,13699.65,2,36,31800,Accepted
4405200,FEMALE,PRIMARY/ELEMENTARY,MARRIED,OTHERS,26667.0,1,36,60000,Accepted
4405201,FEMALE,NOT SPECIFIED,MARRIED,OTHERS,7291.9,2,36,17500,Rejected
4405202,FEMALE,NOT SPECIFIED,MARRIED,OTHERS,20083.1,2,36,48200,Accepted
4405203,FEMALE,NOT SPECIFIED,MARRIED,OTHERS,20083.1,2,36,48200,Accepted
4405204,FEMALE,NOT SPECIFIED,MARRIED,OTHERS,389.5,1,36,1000,Rejected
4405205,FEMALE,NOT SPECIFIED,MARRIED,OTHERS,5445.3,1,36,14000,Rejected
4405206,FEMALE,NOT SPECIFIED,MARRIED,OTHERS,14000.0,1,36,36000,Rejected
4405207,FEMALE,NOT SPECIFIED,MARRIED,OTHERS,9999.8,1,24,20000,Rejected
4405208,FEMALE,NOT SPECIFIED,SINGLE,OTHERS,2000.2,1,24,4000,Rejected
4405209,FEMALE,NOT SPECIFIED,MARRIED,OTHERS,29166.5,3,36,50000,Accepted
4405210,FEMALE,NOT SPECIFIED,MARRIED,OTHERS,18333.1,1,36,30000,Accepted
4405211,FEMALE,PRIMARY/ELEMENTARY,MARRIED,OTHERS,12222.2,1,36,20000,Accepted
4405212,FEMALE,PRIMARY/ELEMENTARY,SINGLE,OTHERS,9166.9,2,36,15000,Rejected
4405213,FEMALE,PRIMARY/ELEMENTARY,MARRIED,OTHERS,20416.25,3,36,35000,Accepted
4405214,FEMALE,NOT SPECIFIED,MARRIED,OTHERS,25948.7,3,36,50000,Accepted
4405215,FEMALE,NOT SPECIFIED,MARRIED,OTHERS,30555.4,3,36,50000,Accepted
4405216,FEMALE,PRIMARY/ELEMENTARY,MARRIED,OTHERS,11111.2,1,36,20000,Accepted
4405217,FEMALE,PRIMARY/ELEMENTARY,MARRIED,OTHERS,27777.6,2,36,50000,Accepted
4405218,FEMALE,NOT SPECIFIED,MARRIED,OTHERS,5555.2,1,36,10000,Rejected
4405219,FEMALE,NOT SPECIFIED,MARRIED,FARMING,16666.4,2,36,30000,Accepted
4405220,FEMALE,NOT SPECIFIED,MARRIED,OTHERS,9166.45,1,24,20000,Rejected
4405221,FEMALE,PRIMARY/ELEMENTARY,MARRIED,OTHERS,9166.45,1,24,20000,Rejected
4405222,FEMALE,NOT SPECIFIED,MARRIED,TRADE/BUSINESS,11111.2,2,36,20000,Accepted
4405223,FEMALE,NOT SPECIFIED,MARRIED,TRADE/BUSINESS,11111.2,2,36,20000,Accepted
4405224,FEMALE,PRIMARY/ELEMENTARY,SINGLE,OTHERS,16666.4,2,36,30000,Accepted
4405225,FEMALE,NOT SPECIFIED,MARRIED,TRADE/BUSINESS,8333.6,2,36,15000,Accepted
4405226,FEMALE,NOT SPECIFIED,MARRIED,TRADE/BUSINESS,15833.05,1,36,30000,Accepted
4405227,FEMALE,PRIMARY/ELEMENTARY,MARRIED,OTHERS,15833.05,1,36,30000,Accepted
4405228,FEMALE,PRIMARY/ELEMENTARY,SINGLE,OTHERS,17499.75,3,36,30000,Accepted
4405229,FEMALE,NOT SPECIFIED,MARRIED,OTHERS,26148.7,3,36,50000,Accepted
4405230,FEMALE,NOT SPECIFIED,MARRIED,OTHERS,16666.4,3,36,30000,Accepted
4405231,FEMALE,NOT SPECIFIED,MARRIED,TRADE/BUSINESS,8253.45,2,36,20000,Accepted
4405232,FEMALE,NOT SPECIFIED,MARRIED,OTHERS,16666.4,2,36,30000,Accepted
4405233,FEMALE,NOT SPECIFIED,MARRIED,OTHERS,26388.7,2,36,50000,Accepted
4405234,FEMALE,NOT SPECIFIED,MARRIED,OTHERS,19999.8,1,36,30000,Accepted
4405235,FEMALE,NOT SPECIFIED,MARRIED,OTHERS,16666.4,1,36,30000,Accepted
4405236,FEMALE,NOT SPECIFIED,MARRIED,OTHERS,2083.0,1,24,10000,Rejected
4405237,FEMALE,PRIMARY/ELEMENTARY,SINGLE,OTHERS,4999.7,2,24,20000,Accepted
4405238,FEMALE,PRIMARY/ELEMENTARY,MARRIED,OTHERS,2499.4,1,24,10000,Rejected
4405239,FEMALE,NOT SPECIFIED,MARRIED,OTHERS,2083.65,2,24,10000,Rejected
4405240,FEMALE,NOT SPECIFIED,MARRIED,OTHERS,4999.5,1,36,30000,Rejected
4405241,FEMALE,PRIMARY/ELEMENTARY,MARRIED,OTHERS,14999.7,2,36,30000,Accepted
4405242,FEMALE,PRIMARY/ELEMENTARY,MARRIED,OTHERS,14999.7,1,36,30000,Rejected
4405243,FEMALE,NOT SPECIFIED,MARRIED,OTHERS,14999.7,1,36,30000,Rejected
4405244,FEMALE,NOT SPECIFIED,MARRIED,OTHERS,9722.1,1,36,25000,Rejected
4405245,FEMALE,NOT SPECIFIED,MARRIED,OTHERS,11666.3,1,36,30000,Rejected
4405246,FEMALE,PRIMARY/ELEMENTARY,MARRIED,OTHERS,2500.75,3,36,10000,Accepted
4405247,FEMALE,NOT SPECIFIED,MARRIED,OTHERS,6500.0,3,36,18000,Accepted
4405248,FEMALE,NOT SPECIFIED,MARRIED,OTHERS,10832.95,3,36,30000,Accepted
4405249,FEMALE,PRIMARY/ELEMENTARY,MARRIED,OTHERS,15833.05,3,36,30000,Accepted
4405250,FEMALE,NOT SPECIFIED,MARRIED,OTHERS,14166.35,3,36,30000,Accepted
4405251,FEMALE,NOT SPECIFIED,MARRIED,OTHERS,1666.0,2,24,10000,Rejected
4405252,FEMALE,PRIMARY/ELEMENTARY,MARRIED,OTHERS,1666.0,2,24,10000,Rejected
4405253,FEMALE,PRIMARY/ELEMENTARY,MARRIED,OTHERS,7499.55,1,36,30000,Rejected
4405254,FEMALE,NOT SPECIFIED,MARRIED,OTHERS,4999.5,1,36,30000,Rejected
4405255,FEMALE,NOT SPECIFIED,MARRIED,OTHERS,17499.75,1,36,30000,Rejected
4405256,FEMALE,NOT SPECIFIED,MARRIED,OTHERS,19166.45,2,36,30000,Accepted
4405257,FEMALE,NOT SPECIFIED,SINGLE,OTHERS,3940.2,1,36,6000,Rejected
4405258,FEMALE,NOT SPECIFIED,MARRIED,OTHERS,14166.35,1,36,30000,Rejected
4405259,FEMALE,NOT SPECIFIED,MARRIED,OTHERS,17499.75,1,36,30000,Rejected
4405260,FEMALE,NOT SPECIFIED,MARRIED,OTHERS,20833.15,1,36,30000,Rejected
4405261,FEMALE,NOT SPECIFIED,MARRIED,OTHERS,19166.45,1,36,30000,Rejected
4405262,FEMALE,NOT SPECIFIED,SINGLE,TRADE/BUSINESS,17499.75,1,36,30000,Rejected
4405263,FEMALE,PRIMARY/ELEMENTARY,MARRIED,OTHERS,17499.75,1,36,30000,Rejected
4405264,FEMALE,PRIMARY/ELEMENTARY,MARRIED,OTHERS,17499.75,1,36,30000,Rejected
4405265,FEMALE,PRIMARY/ELEMENTARY,MARRIED,OTHERS,13333.4,3,36,20000,Accepted
4405266,FEMALE,NOT SPECIFIED,MARRIED,OTHERS,30275.4,3,36,50000,Accepted
4405267,FEMALE,NOT SPECIFIED,MARRIED,OTHERS,31817.5,3,36,50000,Accepted
4405268,FEMALE,PRIMARY/ELEMENTARY,SINGLE,OTHERS,30395.4,3,36,50000,Accepted
4405269,FEMALE,PRIMARY/ELEMENTARY,MARRIED,OTHERS,18133.1,1,36,30000,Rejected
4405270,FEMALE,NOT SPECIFIED,MARRIED,OTHERS,27777.6,3,36,50000,Accepted
4405271,FEMALE,NOT SPECIFIED,MARRIED,OTHERS,27777.6,3,36,50000,Accepted
4405272,FEMALE,NOT SPECIFIED,MARRIED,FARMING,13888.95,3,36,20000,Accepted
4405273,FEMALE,PRIMARY/ELEMENTARY,MARRIED,OTHERS,10831.2,3,36,20000,Accepted
4405274,FEMALE,NOT SPECIFIED,MARRIED,OTHERS,5000.0,3,24,15000,Accepted
4405275,FEMALE,NOT SPECIFIED,MARRIED,OTHERS,6666.4,3,24,20000,Accepted
4405276,FEMALE,PRIMARY/ELEMENTARY,MARRIED,OTHERS,24444.6,3,36,40000,Accepted
4405277,FEMALE,NOT SPECIFIED,MARRIED,OTHERS,12222.3,3,36,20000,Accepted
4405278,FEMALE,NOT SPECIFIED,MARRIED,OTHERS,17588.7,3,36,50000,Accepted
4405279,FEMALE,PRIMARY/ELEMENTARY,MARRIED,OTHERS,26388.7,3,36,50000,Accepted
4405280,FEMALE,PRIMARY/ELEMENTARY,UNSPECIFIED,OTHERS,26388.7,3,36,50000,Accepted
4405281,FEMALE,NOT SPECIFIED,MARRIED,OTHERS,10075.65,2,36,20000,Accepted
4405282,FEMALE,NOT SPECIFIED,MARRIED,GOVERNMENT_EMPLOYEE,10555.65,1,36,20000,Rejected
4405283,FEMALE,NOT SPECIFIED,MARRIED,OTHERS,18333.1,1,36,30000,Rejected
4405284,FEMALE,NOT SPECIFIED,MARRIED,TRADE/BUSINESS,25628.7,3,36,50000,Accepted
4405285,FEMALE,NOT SPECIFIED,MARRIED,OTHERS,14999.7,1,36,30000,Rejected
4405286,FEMALE,NOT SPECIFIED,MARRIED,TRADE/BUSINESS,14999.7,1,36,30000,Rejected
4405287,FEMALE,NOT SPECIFIED,MARRIED,GOVERNMENT_EMPLOYEE,16666.8,3,24,25000,Accepted
4405288,FEMALE,NOT SPECIFIED,UNSPECIFIED,OTHERS,21250.0,3,24,30000,Accepted
4405289,FEMALE,NOT SPECIFIED,UNSPECIFIED,OTHERS,11666.75,3,36,20000,Accepted
4405290,FEMALE,PRIMARY/ELEMENTARY,UNSPECIFIED,OTHERS,11666.75,3,36,20000,Accepted
4405291,FEMALE,PRIMARY/ELEMENTARY,UNSPECIFIED,OTHERS,11666.75,3,36,20000,Accepted
4405292,FEMALE,PRIMARY/ELEMENTARY,MARRIED,GOVERNMENT_EMPLOYEE,62222.2,1,36,70000,Accepted
4405293,FEMALE,NOT SPECIFIED,MARRIED,OTHERS,62222.2,1,36,70000,Accepted
4405294,FEMALE,NOT SPECIFIED,MARRIED,OTHERS,62222.2,1,36,70000,Accepted
4405295,FEMALE,PRIMARY/ELEMENTARY,MARRIED,OTHERS,88888.8,3,36,100000,Accepted
4405296,FEMALE,PRIMARY/ELEMENTARY,MARRIED,OTHERS,80000.0,3,36,90000,Accepted
4405297,FEMALE,NOT SPECIFIED,MARRIED,OTHERS,99999.9,3,36,120000,Accepted
4405298,FEMALE,NOT SPECIFIED,DIVORCED,TRADE/BUSINESS,29166.65,1,36,30000,Accepted
4405299,FEMALE,NOT SPECIFIED,SINGLE,OTHERS,29166.65,1,36,30000,Accepted
4405300,FEMALE,PRIMARY/ELEMENTARY,MARRIED,OTHERS,29166.65,1,36,30000,Rejected
4405301,FEMALE,NOT SPECIFIED,MARRIED,GOVERNMENT_EMPLOYEE,12569.9,1,36,30000,Rejected
4405302,FEMALE,NOT SPECIFIED,MARRIED,OTHERS,30000.0,1,36,30000,Rejected
4405303,FEMALE,PRIMARY/ELEMENTARY,SINGLE,OTHERS,49200.0,3,36,50000,Accepted
4405304,FEMALE,NOT SPECIFIED,UNSPECIFIED,OTHERS,23333.2,1,36,30000,Rejected
4405305,FEMALE,PRIMARY/ELEMENTARY,UNSPECIFIED,OTHERS,23173.2,1,36,30000,Rejected
4405306,FEMALE,PRIMARY/ELEMENTARY,UNSPECIFIED,OTHERS,24166.55,1,36,30000,Rejected
4405307,FEMALE,NOT SPECIFIED,UNSPECIFIED,OTHERS,23333.2,1,36,30000,Rejected
4405308,FEMALE,NOT SPECIFIED,UNSPECIFIED,OTHERS,19121.5,1,36,30000,Rejected
4405309,FEMALE,NOT SPECIFIED,UNSPECIFIED,OTHERS,21865.0,1,36,30000,Rejected
4405310,FEMALE,NOT SPECIFIED,UNSPECIFIED,OTHERS,19999.8,1,36,30000,Rejected
4405311,FEMALE,NOT SPECIFIED,UNSPECIFIED,OTHERS,19999.8,1,36,30000,Rejected
4405312,FEMALE,NOT SPECIFIED,UNSPECIFIED,OTHERS,68055.55,1,36,70000,Rejected
4405313,FEMALE,NOT SPECIFIED,UNSPECIFIED,OTHERS,58333.35,1,36,60000,Rejected
4405314,FEMALE,PRIMARY/ELEMENTARY,UNSPECIFIED,OTHERS,15000.0,1,24,30000,Rejected
4405315,FEMALE,PRIMARY/ELEMENTARY,UNSPECIFIED,OTHERS,15000.0,1,24,30000,Rejected
4405316,FEMALE,PRIMARY/ELEMENTARY,UNSPECIFIED,OTHERS,29166.65,3,36,30000,Accepted
4405317,FEMALE,NOT SPECIFIED,UNSPECIFIED,OTHERS,29600.0,3,36,30000,Accepted
4405318,FEMALE,NOT SPECIFIED,UNSPECIFIED,OTHERS,29166.65,1,36,30000,Rejected
4405319,FEMALE,PRIMARY/ELEMENTARY,UNSPECIFIED,OTHERS,15000.0,1,36,15000,Rejected
4405320,FEMALE,PRIMARY/ELEMENTARY,UNSPECIFIED,OTHERS,9666.55,1,36,12000,Rejected
4405321,FEMALE,NOT SPECIFIED,UNSPECIFIED,OTHERS,24166.55,1,36,30000,Rejected
4405322,FEMALE,NOT SPECIFIED,UNSPECIFIED,OTHERS,23333.2,1,36,30000,Rejected
4405323,FEMALE,NOT SPECIFIED,UNSPECIFIED,OTHERS,11666.8,1,36,15000,Rejected
4405324,FEMALE,PRIMARY/ELEMENTARY,UNSPECIFIED,OTHERS,31944.3,2,36,50000,Accepted
4405325,FEMALE,NOT SPECIFIED,UNSPECIFIED,OTHERS,12077.0,1,36,20000,Rejected
4405326,FEMALE,NOT SPECIFIED,MARRIED,TRADE/BUSINESS,18333.1,1,36,30000,Rejected
4405327,FEMALE,PRIMARY/ELEMENTARY,MARRIED,TRADE/BUSINESS,18333.1,1,36,30000,Rejected
4405328,FEMALE,NOT SPECIFIED,MARRIED,OTHERS,7500.0,1,36,15000,Rejected
4405329,FEMALE,NOT SPECIFIED,MARRIED,OTHERS,7500.0,1,36,15000,Rejected
4405330,FEMALE,PRIMARY/ELEMENTARY,MARRIED,OTHERS,6389.25,1,36,10000,Rejected
4405331,FEMALE,PRIMARY/ELEMENTARY,SINGLE,OTHERS,31944.3,3,36,50000,Accepted
4405332,FEMALE,NOT SPECIFIED,MARRIED,OTHERS,13888.95,1,36,20000,Rejected
4405333,FEMALE,NOT SPECIFIED,MARRIED,OTHERS,33333.4,3,36,40000,Accepted
4405334,FEMALE,NOT SPECIFIED,MARRIED,OTHERS,41666.9,3,36,50000,Accepted
4405335,FEMALE,NOT SPECIFIED,MARRIED,OTHERS,44444.6,3,36,50000,Accepted
4405336,FEMALE,NOT SPECIFIED,MARRIED,OTHERS,75000.0,3,36,90000,Accepted
4405337,FEMALE,NOT SPECIFIED,MARRIED,OTHERS,45833.45,3,36,50000,Accepted
4405338,FEMALE,NOT SPECIFIED,MARRIED,OTHERS,35555.6,3,36,40000,Accepted
4405339,FEMALE,NOT SPECIFIED,MARRIED,OTHERS,71111.2,3,36,80000,Accepted
4405340,FEMALE,NOT SPECIFIED,MARRIED,OTHERS,32222.3,1,36,40000,Rejected
4405341,FEMALE,NOT SPECIFIED,MARRIED,OTHERS,32222.3,1,36,40000,Rejected
4405342,FEMALE,PRIMARY/ELEMENTARY,MARRIED,OTHERS,34444.5,1,36,40000,Rejected
4405343,FEMALE,PRIMARY/ELEMENTARY,SINGLE,OTHERS,24999.9,1,36,30000,Rejected
4405344,FEMALE,PRIMARY/ELEMENTARY,MARRIED,OTHERS,28726.65,1,36,30000,Rejected
4405345,FEMALE,NOT SPECIFIED,MARRIED,OTHERS,28326.65,1,36,30000,Rejected
4405346,FEMALE,NOT SPECIFIED,MARRIED,OTHERS,19166.45,3,36,30000,Accepted
4405347,FEMALE,PRIMARY/ELEMENTARY,SINGLE,OTHERS,41666.6,1,36,50000,Rejected
4405348,FEMALE,PRIMARY/ELEMENTARY,MARRIED,OTHERS,23585.55,1,36,25000,Rejected
4405349,FEMALE,NOT SPECIFIED,MARRIED,OTHERS,24999.9,1,36,30000,Rejected
4405350,FEMALE,NOT SPECIFIED,MARRIED,OTHERS,58333.35,3,36,60000,Accepted
4405351,FEMALE,NOT SPECIFIED,MARRIED,OTHERS,57933.35,3,36,60000,Accepted
4405352,FEMALE,PRIMARY/ELEMENTARY,MARRIED,OTHERS,30000.0,1,36,30000,Rejected
4405353,FEMALE,NOT SPECIFIED,MARRIED,OTHERS,29880.0,1,36,30000,Rejected
4405354,FEMALE,NOT SPECIFIED,MARRIED,OTHERS,30000.0,1,36,30000,Rejected
4405355,FEMALE,NOT SPECIFIED,MARRIED,OTHERS,14957.95,1,36,25000,Rejected
4405356,FEMALE,NOT SPECIFIED,MARRIED,OTHERS,15000.0,3,36,15000,Accepted
4405357,FEMALE,PRIMARY/ELEMENTARY,MARRIED,OTHERS,30000.0,3,36,30000,Accepted
4405358,FEMALE,PRIMARY/ELEMENTARY,SINGLE,OTHERS,30000.0,1,36,30000,Rejected
4405359,FEMALE,NOT SPECIFIED,MARRIED,OTHERS,30000.0,1,36,30000,Rejected
4405360,FEMALE,NOT SPECIFIED,MARRIED,OTHERS,8569.45,2,36,12000,Accepted
4405361,FEMALE,NOT SPECIFIED,MARRIED,OTHERS,38688.9,2,36,40000,Accepted
4405362,FEMALE,NOT SPECIFIED,SINGLE,OTHERS,28926.65,1,36,30000,Rejected
4405363,FEMALE,NOT SPECIFIED,MARRIED,OTHERS,29046.65,3,36,30000,Accepted
4405364,FEMALE,NOT SPECIFIED,MARRIED,OTHERS,29046.65,3,36,30000,Accepted
4405365,FEMALE,NOT SPECIFIED,MARRIED,FARMING,23333.2,1,36,30000,Rejected
4405366,FEMALE,NOT SPECIFIED,MARRIED,OTHERS,3888.8,1,36,5000,Rejected
4405367,FEMALE,NOT SPECIFIED,MARRIED,OTHERS,29586.8,2,36,50000,Accepted
4405368,FEMALE,PRIMARY/ELEMENTARY,MARRIED,OTHERS,23333.2,1,36,30000,Rejected
4405369,FEMALE,PRIMARY/ELEMENTARY,MARRIED,OTHERS,8055.75,1,36,10000,Rejected
4405370,FEMALE,NOT SPECIFIED,MARRIED,OTHERS,24166.55,1,36,30000,Rejected
4405371,FEMALE,PRIMARY/ELEMENTARY,SINGLE,OTHERS,19999.8,1,36,30000,Rejected
4405372,FEMALE,PRIMARY/ELEMENTARY,MARRIED,OTHERS,4514.4,1,36,30000,Rejected
4405373,FEMALE,NOT SPECIFIED,MARRIED,OTHERS,6668.8,1,36,10000,Rejected
4405374,FEMALE,NOT SPECIFIED,MARRIED,OTHERS,6668.8,1,36,10000,Rejected
4405375,FEMALE,NOT SPECIFIED,SINGLE,OTHERS,34126.35,3,36,50000,Accepted
4405376,FEMALE,PRIMARY/ELEMENTARY,MARRIED,OTHERS,34642.1,3,36,50000,Accepted
4405377,FEMALE,NOT SPECIFIED,MARRIED,OTHERS,29544.3,3,36,50000,Accepted
4405378,FEMALE,NOT SPECIFIED,MARRIED,OTHERS,18546.45,3,36,30000,Accepted
4405379,FEMALE,PRIMARY/ELEMENTARY,MARRIED,OTHERS,15832.15,3,36,25000,Accepted
4405380,FEMALE,NOT SPECIFIED,MARRIED,OTHERS,12777.85,1,36,20000,Rejected
4405381,MALE,NOT SPECIFIED,MARRIED,OTHERS,19166.45,1,36,30000,Rejected
4405382,FEMALE,PRIMARY/ELEMENTARY,MARRIED,OTHERS,19999.8,1,36,30000,Rejected
4405383,FEMALE,PRIMARY/ELEMENTARY,MARRIED,OTHERS,19999.8,1,36,30000,Rejected
4405384,MALE,NOT SPECIFIED,MARRIED,OTHERS,9583.55,1,36,15000,Rejected
4405385,FEMALE,NOT SPECIFIED,MARRIED,OTHERS,32173.4,3,36,50000,Accepted
4405386,FEMALE,NOT SPECIFIED,MARRIED,OTHERS,2750.0,1,24,6000,Rejected
4405387,FEMALE,NOT SPECIFIED,SINGLE,OTHERS,35555.6,3,36,40000,Accepted
4405388,FEMALE,NOT SPECIFIED,MARRIED,OTHERS,35555.6,3,36,40000,Accepted
4405389,FEMALE,NOT SPECIFIED,MARRIED,OTHERS,68889.0,3,36,80000,Accepted
4405390,FEMALE,NOT SPECIFIED,MARRIED,OTHERS,71111.2,3,36,80000,Accepted
4405391,FEMALE,NOT SPECIFIED,MARRIED,OTHERS,53333.2,1,36,60000,Rejected
4405392,FEMALE,NOT SPECIFIED,MARRIED,OTHERS,44444.4,1,36,50000,Rejected
4405393,FEMALE,PRIMARY/ELEMENTARY,MARRIED,OTHERS,44444.4,1,36,50000,Rejected
4405394,FEMALE,PRIMARY/ELEMENTARY,MARRIED,OTHERS,44444.4,1,36,50000,Rejected
4405395,FEMALE,NOT SPECIFIED,MARRIED,OTHERS,62222.2,3,36,70000,Accepted
4405396,FEMALE,PRIMARY/ELEMENTARY,MARRIED,OTHERS,80000.0,3,36,90000,Accepted
4405397,FEMALE,PRIMARY/ELEMENTARY,MARRIED,OTHERS,58333.3,3,36,70000,Accepted
4405398,MALE,NOT SPECIFIED,MARRIED,OTHERS,24999.9,3,36,30000,Accepted
4405399,FEMALE,NOT SPECIFIED,MARRIED,OTHERS,62222.2,3,36,70000,Accepted
4405400,MALE,NOT SPECIFIED,SINGLE,OTHERS,29166.65,3,36,30000,Accepted
4405401,FEMALE,PRIMARY/ELEMENTARY,MARRIED,OTHERS,38888.9,3,36,40000,Accepted
4405402,FEMALE,NOT SPECIFIED,MARRIED,OTHERS,53333.4,1,36,60000,Rejected
4405403,MALE,NOT SPECIFIED,MARRIED,OTHERS,88889.0,3,36,100000,Accepted
4405404,FEMALE,PRIMARY/ELEMENTARY,SINGLE,OTHERS,62222.2,1,36,70000,Rejected
4405405,FEMALE,NOT SPECIFIED,MARRIED,OTHERS,62222.2,1,36,70000,Rejected
4405406,FEMALE,NOT SPECIFIED,MARRIED,OTHERS,44444.4,2,36,50000,Accepted
4405407,FEMALE,PRIMARY/ELEMENTARY,MARRIED,OTHERS,62222.2,2,36,70000,Accepted
4405408,MALE,PRIMARY/ELEMENTARY,MARRIED,OTHERS,58333.3,3,36,70000,Rejected
4405409,FEMALE,NOT SPECIFIED,MARRIED,OTHERS,58333.3,3,36,70000,Rejected
4405410,FEMALE,NOT SPECIFIED,MARRIED,OTHERS,9722.25,2,36,10000,Accepted
4405411,FEMALE,NOT SPECIFIED,MARRIED,OTHERS,58333.35,2,36,60000,Accepted
4405412,FEMALE,NOT SPECIFIED,MARRIED,OTHERS,29166.65,2,36,30000,Accepted
4405413,FEMALE,NOT SPECIFIED,MARRIED,OTHERS,57513.35,2,36,60000,Accepted
4405414,FEMALE,NOT SPECIFIED,MARRIED,OTHERS,5416.3,1,24,10000,Rejected
4405415,FEMALE,NOT SPECIFIED,MARRIED,OTHERS,5127.5,1,12,8790,Rejected
4405416,FEMALE,NOT SPECIFIED,SINGLE,OTHERS,1180.5,1,36,5000,Rejected
4405417,FEMALE,NOT SPECIFIED,MARRIED,OTHERS,1187.8,1,36,5000,Rejected
4405418,FEMALE,NOT SPECIFIED,MARRIED,OTHERS,3958.25,1,24,5000,Rejected
4405419,FEMALE,PRIMARY/ELEMENTARY,MARRIED,OTHERS,4028.75,1,24,8790,Rejected
4405420,FEMALE,PRIMARY/ELEMENTARY,MARRIED,OTHERS,3765.0,1,24,8790,Rejected
4405421,FEMALE,NOT SPECIFIED,MARRIED,OTHERS,6111.25,1,36,20000,Rejected
4405422,MALE,PRIMARY/ELEMENTARY,MARRIED,OTHERS,6111.25,1,36,20000,Rejected
4405423,FEMALE,PRIMARY/ELEMENTARY,MARRIED,OTHERS,7638.75,1,36,25000,Rejected
4405424,FEMALE,NOT SPECIFIED,MARRIED,GOVERNMENT_EMPLOYEE,6111.25,1,36,20000,Rejected
4405425,FEMALE,NOT SPECIFIED,MARRIED,OTHERS,8333.2,1,36,25000,Rejected
4405426,FEMALE,NOT SPECIFIED,MARRIED,OTHERS,3749.5,1,24,10000,Rejected
4405427,FEMALE,PRIMARY/ELEMENTARY,UNSPECIFIED,OTHERS,5416.3,1,24,10000,Rejected
4405428,FEMALE,NOT SPECIFIED,UNSPECIFIED,OTHERS,26666.6,3,36,30000,Accepted
4405429,FEMALE,NOT SPECIFIED,UNSPECIFIED,OTHERS,26666.6,3,36,30000,Accepted
4405430,FEMALE,PRIMARY/ELEMENTARY,SINGLE,OTHERS,44444.4,1,36,50000,Rejected
4405431,FEMALE,NOT SPECIFIED,MARRIED,OTHERS,62222.2,1,36,70000,Rejected
4405432,FEMALE,PRIMARY/ELEMENTARY,MARRIED,OTHERS,51666.75,1,36,60000,Rejected
4405433,FEMALE,PRIMARY/ELEMENTARY,SINGLE,OTHERS,88889.0,3,36,100000,Accepted
4405434,FEMALE,NOT SPECIFIED,MARRIED,OTHERS,80000.0,3,36,90000,Accepted
4405435,FEMALE,NOT SPECIFIED,MARRIED,OTHERS,53333.35,1,36,60000,Rejected
4405436,MALE,NOT SPECIFIED,MARRIED,OTHERS,44444.4,1,36,50000,Rejected
4405437,FEMALE,NOT SPECIFIED,MARRIED,OTHERS,44444.4,1,36,50000,Rejected
4405438,FEMALE,NOT SPECIFIED,MARRIED,OTHERS,75555.6,2,36,80000,Accepted
4405439,FEMALE,NOT SPECIFIED,MARRIED,OTHERS,75555.6,2,36,80000,Accepted
4405440,FEMALE,NOT SPECIFIED,MARRIED,OTHERS,17499.35,3,60,50000,Accepted
4405441,FEMALE,NOT SPECIFIED,MARRIED,OTHERS,19400.7,3,60,70000,Accepted
4405442,FEMALE,NOT SPECIFIED,MARRIED,OTHERS,31667.35,3,60,100000,Accepted
4405443,MALE,PRIMARY/ELEMENTARY,MARRIED,OTHERS,115000.0,3,36,180000,Accepted
4405444,FEMALE,PRIMARY/ELEMENTARY,MARRIED,OTHERS,11666.3,1,36,30000,Rejected
4405445,FEMALE,NOT SPECIFIED,MARRIED,OTHERS,4806.8,1,36,20000,Rejected
4405446,FEMALE,NOT SPECIFIED,MARRIED,OTHERS,41681.6,2,60,100000,Accepted
4405447,FEMALE,PRIMARY/ELEMENTARY,SINGLE,OTHERS,79985.75,2,36,80000,Accepted
4405448,FEMALE,PRIMARY/ELEMENTARY,UNSPECIFIED,OTHERS,38889.5,1,36,100000,Rejected
4405449,FEMALE,NOT SPECIFIED,UNSPECIFIED,OTHERS,36111.75,1,36,100000,Rejected
4405450,FEMALE,NOT SPECIFIED,UNSPECIFIED,OTHERS,191270.8,3,36,300000,Accepted
4405451,FEMALE,NOT SPECIFIED,UNSPECIFIED,OTHERS,61111.5,1,36,100000,Rejected
4405452,FEMALE,NOT SPECIFIED,UNSPECIFIED,OTHERS,9997.95,1,36,30000,Rejected
4405453,MALE,PRIMARY/ELEMENTARY,UNSPECIFIED,OTHERS,19445.25,2,36,100000,Accepted
4405454,FEMALE,NOT SPECIFIED,UNSPECIFIED,OTHERS,23333.7,1,36,60000,Rejected
4405455,FEMALE,NOT SPECIFIED,UNSPECIFIED,OTHERS,33134.0,1,36,100000,Rejected
4405456,FEMALE,PRIMARY/ELEMENTARY,UNSPECIFIED,OTHERS,7777.0,1,36,35000,Rejected
4405457,FEMALE,PRIMARY/ELEMENTARY,UNSPECIFIED,OTHERS,24344.75,1,36,100000,Rejected
4405458,FEMALE,NOT SPECIFIED,UNSPECIFIED,OTHERS,14999.3,2,60,50000,Accepted
4405459,FEMALE,NOT SPECIFIED,UNSPECIFIED,OTHERS,47222.75,1,36,100000,Rejected
4405460,FEMALE,NOT SPECIFIED,UNSPECIFIED,OTHERS,97222.25,2,36,100000,Accepted
4405461,FEMALE,NOT SPECIFIED,UNSPECIFIED,OTHERS,84444.45,3,36,200000,Accepted
4405462,FEMALE,NOT SPECIFIED,UNSPECIFIED,GOVERNMENT_EMPLOYEE,124999.65,1,36,300000,Rejected
4405463,FEMALE,NOT SPECIFIED,UNSPECIFIED,OTHERS,63889.25,3,36,80000,Accepted
4405464,FEMALE,NOT SPECIFIED,UNSPECIFIED,OTHERS,10833.15,2,36,20000,Accepted
4405465,FEMALE,NOT SPECIFIED,UNSPECIFIED,OTHERS,16666.0,2,60,50000,Accepted
4405466,FEMALE,NOT SPECIFIED,UNSPECIFIED,OTHERS,12499.25,2,60,50000,Accepted
4405467,FEMALE,NOT SPECIFIED,UNSPECIFIED,OTHERS,48349.2,3,36,80000,Accepted
4405468,FEMALE,PRIMARY/ELEMENTARY,UNSPECIFIED,OTHERS,14999.7,1,36,30000,Rejected
4405469,FEMALE,PRIMARY/ELEMENTARY,UNSPECIFIED,OTHERS,38889.5,1,36,100000,Rejected
4405470,FEMALE,PRIMARY/ELEMENTARY,UNSPECIFIED,OTHERS,30556.25,1,36,100000,Rejected
4405471,FEMALE,NOT SPECIFIED,UNSPECIFIED,OTHERS,29896.25,1,36,100000,Rejected
4405472,FEMALE,NOT SPECIFIED,UNSPECIFIED,OTHERS,19248.7,2,60,55000,Accepted
4405473,FEMALE,PRIMARY/ELEMENTARY,UNSPECIFIED,OTHERS,9500.0,2,60,30000,Accepted
4405474,FEMALE,PRIMARY/ELEMENTARY,UNSPECIFIED,OTHERS,35667.3,1,60,100000,Rejected
4405475,FEMALE,NOT SPECIFIED,UNSPECIFIED,OTHERS,154933.1,1,180,168000,Rejected
4405476,FEMALE,NOT SPECIFIED,UNSPECIFIED,OTHERS,153066.4,1,180,168000,Rejected
4405477,FEMALE,NOT SPECIFIED,UNSPECIFIED,OTHERS,153999.75,1,180,168000,Rejected
4405478,FEMALE,PRIMARY/ELEMENTARY,UNSPECIFIED,OTHERS,142799.55,1,180,168000,Rejected
4405479,FEMALE,NOT SPECIFIED,UNSPECIFIED,OTHERS,153999.75,1,180,168000,Rejected
4405480,FEMALE,NOT SPECIFIED,UNSPECIFIED,OTHERS,153999.75,1,180,168000,Rejected
4405481,FEMALE,PRIMARY/ELEMENTARY,UNSPECIFIED,OTHERS,153999.75,1,180,168000,Rejected
4405482,FEMALE,NOT SPECIFIED,UNSPECIFIED,OTHERS,153999.75,1,180,168000,Rejected
4405483,FEMALE,PRIMARY/ELEMENTARY,UNSPECIFIED,OTHERS,153999.75,1,180,168000,Rejected
4405484,FEMALE,NOT SPECIFIED,UNSPECIFIED,OTHERS,153999.75,1,180,168000,Rejected
4405485,FEMALE,NOT SPECIFIED,UNSPECIFIED,OTHERS,153999.75,1,180,168000,Rejected
4405486,FEMALE,NOT SPECIFIED,UNSPECIFIED,OTHERS,110000.25,1,120,120000,Rejected
4405487,FEMALE,NOT SPECIFIED,UNSPECIFIED,OTHERS,148400.0,1,120,168000,Rejected
4405488,FEMALE,NOT SPECIFIED,UNSPECIFIED,OTHERS,148400.0,1,120,168000,Rejected
4405489,FEMALE,NOT SPECIFIED,UNSPECIFIED,OTHERS,131600.0,1,120,168000,Rejected
4405490,FEMALE,NOT SPECIFIED,UNSPECIFIED,OTHERS,147000.0,1,120,168000,Rejected
4405491,FEMALE,NOT SPECIFIED,UNSPECIFIED,OTHERS,130200.0,1,120,168000,Rejected
4405492,FEMALE,NOT SPECIFIED,UNSPECIFIED,OTHERS,147000.0,1,120,168000,Rejected
4405493,FEMALE,PRIMARY/ELEMENTARY,UNSPECIFIED,OTHERS,153999.75,1,180,168000,Rejected
4405494,FEMALE,PRIMARY/ELEMENTARY,UNSPECIFIED,GOVERNMENT_EMPLOYEE,148400.0,1,120,168000,Rejected
4405495,FEMALE,PRIMARY/ELEMENTARY,UNSPECIFIED,OTHERS,147000.0,1,120,168000,Rejected
4405496,FEMALE,NOT SPECIFIED,UNSPECIFIED,TRADE/BUSINESS,147000.0,1,120,168000,Rejected
4405497,FEMALE,PRIMARY/ELEMENTARY,UNSPECIFIED,OTHERS,148400.0,1,120,168000,Rejected
4405498,FEMALE,NOT SPECIFIED,UNSPECIFIED,TRADE/BUSINESS,148400.0,1,120,168000,Rejected
4405499,FEMALE,NOT SPECIFIED,MARRIED,TRADE/BUSINESS,147000.0,1,120,168000,Rejected
4405500,FEMALE,NOT SPECIFIED,UNSPECIFIED,TRADE/BUSINESS,130200.0,1,120,168000,Rejected
4405501,FEMALE,PRIMARY/ELEMENTARY,MARRIED,GOVERNMENT_EMPLOYEE,94153.7,1,120,120000,Rejected
4405502,FEMALE,NOT SPECIFIED,SINGLE,OTHERS,91948.85,1,120,160000,Rejected
4405503,FEMALE,NOT SPECIFIED,UNSPECIFIED,OTHERS,96413.8,1,120,168000,Rejected
4405504,FEMALE,PRIMARY/ELEMENTARY,UNSPECIFIED,OTHERS,89594.15,1,120,140000,Rejected
4405505,FEMALE,NOT SPECIFIED,UNSPECIFIED,OTHERS,114127.85,1,120,168000,Rejected
4405506,FEMALE,NOT SPECIFIED,UNSPECIFIED,OTHERS,94153.7,1,120,120000,Rejected
4405507,FEMALE,PRIMARY/ELEMENTARY,UNSPECIFIED,OTHERS,147000.0,1,120,168000,Rejected
4405508,FEMALE,PRIMARY/ELEMENTARY,UNSPECIFIED,OTHERS,107992.5,1,120,168000,Rejected
4405509,FEMALE,NOT SPECIFIED,UNSPECIFIED,OTHERS,176729.55,1,180,192000,Rejected
4405510,FEMALE,NOT SPECIFIED,UNSPECIFIED,OTHERS,179200.2,1,180,192000,Rejected
4405511,FEMALE,NOT SPECIFIED,UNSPECIFIED,OTHERS,176388.85,1,180,192000,Rejected
4405512,FEMALE,NOT SPECIFIED,UNSPECIFIED,OTHERS,178049.1,1,180,192000,Rejected
4405513,FEMALE,NOT SPECIFIED,UNSPECIFIED,OTHERS,178133.55,1,180,192000,Rejected
4405514,FEMALE,NOT SPECIFIED,UNSPECIFIED,OTHERS,159355.9,1,180,192000,Rejected
4405515,FEMALE,NOT SPECIFIED,UNSPECIFIED,OTHERS,169369.1,1,180,192000,Rejected
4405516,FEMALE,NOT SPECIFIED,UNSPECIFIED,OTHERS,178133.55,1,180,192000,Rejected
4405517,FEMALE,NOT SPECIFIED,UNSPECIFIED,OTHERS,167746.75,1,180,192000,Accepted
4405518,FEMALE,NOT SPECIFIED,UNSPECIFIED,OTHERS,95571.75,1,180,112000,Rejected
4405519,FEMALE,PRIMARY/ELEMENTARY,UNSPECIFIED,OTHERS,39762.7,1,180,72000,Rejected
4405520,FEMALE,PRIMARY/ELEMENTARY,UNSPECIFIED,OTHERS,130000.0,1,180,168000,Accepted
4405521,FEMALE,PRIMARY/ELEMENTARY,MARRIED,TRADE/BUSINESS,148702.9,1,180,168000,Accepted
4405522,FEMALE,NOT SPECIFIED,UNSPECIFIED,OTHERS,179149.3,1,180,192000,Accepted
4405523,FEMALE,NOT SPECIFIED,UNSPECIFIED,OTHERS,177031.3,1,180,192000,Accepted
4405524,FEMALE,PRIMARY/ELEMENTARY,UNSPECIFIED,OTHERS,179200.2,1,180,192000,Accepted
4405525,FEMALE,PRIMARY/ELEMENTARY,UNSPECIFIED,OTHERS,179200.2,1,180,192000,Accepted
4405526,FEMALE,NOT SPECIFIED,UNSPECIFIED,OTHERS,112423.9,1,180,122000,Accepted
4405527,FEMALE,NOT SPECIFIED,UNSPECIFIED,OTHERS,178265.4,1,180,192000,Accepted
4405528,FEMALE,NOT SPECIFIED,UNSPECIFIED,OTHERS,152076.2,1,180,168000,Accepted
4405529,FEMALE,PRIMARY/ELEMENTARY,UNSPECIFIED,OTHERS,103333.85,1,180,168000,Accepted
4405530,FEMALE,NOT SPECIFIED,UNSPECIFIED,OTHERS,111332.9,1,180,120000,Accepted
4405531,FEMALE,PRIMARY/ELEMENTARY,UNSPECIFIED,OTHERS,157733.15,1,180,168000,Accepted
4405532,FEMALE,NOT SPECIFIED,MARRIED,TRADE/BUSINESS,155785.9,1,180,168000,Accepted
4405533,FEMALE,NOT SPECIFIED,MARRIED,OTHERS,76281.35,1,180,168000,Rejected
4405534,FEMALE,PRIMARY/ELEMENTARY,MARRIED,OTHERS,89049.75,1,180,168000,Accepted
4405535,FEMALE,NOT SPECIFIED,MARRIED,OTHERS,110666.2,1,180,120000,Accepted
4405536,FEMALE,NOT SPECIFIED,MARRIED,OTHERS,111332.9,1,180,120000,Accepted
4405537,FEMALE,NOT SPECIFIED,MARRIED,OTHERS,110291.4,1,180,120000,Accepted
4405538,FEMALE,NOT SPECIFIED,MARRIED,OTHERS,109435.65,1,180,120000,Accepted
4405539,FEMALE,NOT SPECIFIED,MARRIED,OTHERS,95287.1,1,180,120000,Accepted
4405540,FEMALE,NOT SPECIFIED,MARRIED,OTHERS,97415.4,1,180,120000,Accepted
4405541,FEMALE,NOT SPECIFIED,MARRIED,OTHERS,131744.3,1,180,142000,Accepted
4405542,FEMALE,NOT SPECIFIED,MARRIED,OTHERS,178133.55,1,180,192000,Accepted
4405543,FEMALE,NOT SPECIFIED,MARRIED,OTHERS,134527.85,1,180,145000,Accepted
4405544,FEMALE,NOT SPECIFIED,MARRIED,OTHERS,178133.55,1,180,192000,Accepted
4405545,FEMALE,PRIMARY/ELEMENTARY,MARRIED,OTHERS,178133.55,1,180,192000,Accepted
4405546,FEMALE,PRIMARY/ELEMENTARY,SINGLE,OTHERS,178133.55,1,180,192000,Accepted
4405547,FEMALE,PRIMARY/ELEMENTARY,MARRIED,OTHERS,178133.55,1,180,192000,Accepted
4405548,FEMALE,NOT SPECIFIED,MARRIED,GOVERNMENT_EMPLOYEE,178133.55,1,180,192000,Accepted
4405549,FEMALE,NOT SPECIFIED,MARRIED,OTHERS,178133.55,1,180,192000,Accepted
4405550,FEMALE,PRIMARY/ELEMENTARY,SINGLE,OTHERS,165333.75,1,180,192000,Accepted
4405551,FEMALE,PRIMARY/ELEMENTARY,MARRIED,OTHERS,70022.75,1,180,75470,Rejected
4405552,FEMALE,NOT SPECIFIED,MARRIED,OTHERS,166400.4,1,180,192000,Accepted
4405553,FEMALE,NOT SPECIFIED,MARRIED,OTHERS,178133.55,1,180,192000,Accepted
4405554,FEMALE,NOT SPECIFIED,MARRIED,OTHERS,178133.55,1,180,192000,Accepted
4405555,FEMALE,PRIMARY/ELEMENTARY,MARRIED,OTHERS,178133.55,1,180,192000,Accepted
4405556,FEMALE,NOT SPECIFIED,MARRIED,OTHERS,7510.65,1,120,120000,Rejected
4405557,FEMALE,NOT SPECIFIED,MARRIED,OTHERS,23057.35,1,120,190000,Accepted
4405558,FEMALE,PRIMARY/ELEMENTARY,MARRIED,OTHERS,44712.15,1,120,190000,Accepted
4405559,FEMALE,NOT SPECIFIED,MARRIED,OTHERS,52824.6,1,120,190000,Accepted
4405560,FEMALE,NOT SPECIFIED,MARRIED,OTHERS,7466.95,1,120,120000,Rejected
4405561,FEMALE,PRIMARY/ELEMENTARY,MARRIED,OTHERS,90766.1,1,120,190000,Accepted
4405562,FEMALE,NOT SPECIFIED,MARRIED,OTHERS,72506.7,1,120,190000,Accepted
4405563,FEMALE,NOT SPECIFIED,MARRIED,OTHERS,99212.3,1,120,190000,Accepted
4405564,FEMALE,NOT SPECIFIED,SINGLE,OTHERS,7509.5,1,120,120000,Rejected
4405565,FEMALE,NOT SPECIFIED,MARRIED,OTHERS,7466.95,1,120,120000,Rejected
4405566,FEMALE,NOT SPECIFIED,MARRIED,OTHERS,7466.95,1,120,120000,Rejected
4405567,FEMALE,NOT SPECIFIED,MARRIED,GOVERNMENT_EMPLOYEE,7594.65,1,120,120000,Rejected
4405568,FEMALE,PRIMARY/ELEMENTARY,MARRIED,OTHERS,7594.65,1,120,120000,Rejected
4405569,FEMALE,PRIMARY/ELEMENTARY,MARRIED,OTHERS,124392.77,1,120,192000,Accepted
4405570,FEMALE,PRIMARY/ELEMENTARY,MARRIED,OTHERS,180409.57,1,120,192000,Accepted
4405571,FEMALE,NOT SPECIFIED,MARRIED,OTHERS,176674.32,1,120,192000,Accepted
4405572,FEMALE,PRIMARY/ELEMENTARY,SINGLE,OTHERS,167076.02,1,120,192000,Accepted
4405573,FEMALE,NOT SPECIFIED,MARRIED,OTHERS,127661.72,1,120,192000,Accepted
4405574,FEMALE,NOT SPECIFIED,MARRIED,OTHERS,171975.87,1,120,192000,Accepted
4405575,FEMALE,NOT SPECIFIED,SINGLE,OTHERS,180734.42,1,120,192000,Accepted
4405576,FEMALE,PRIMARY/ELEMENTARY,MARRIED,OTHERS,179125.82,1,120,192000,Accepted
4405577,FEMALE,NOT SPECIFIED,MARRIED,OTHERS,159957.72,1,120,192000,Accepted
4405578,FEMALE,NOT SPECIFIED,MARRIED,OTHERS,49311.17,1,120,192000,Rejected
4405579,FEMALE,PRIMARY/ELEMENTARY,MARRIED,OTHERS,14134.82,1,120,92000,Rejected
4405580,FEMALE,NOT SPECIFIED,MARRIED,OTHERS,61847.22,1,120,192000,Rejected
4405581,FEMALE,NOT SPECIFIED,MARRIED,OTHERS,13276.92,1,120,92000,Rejected
4405582,FEMALE,PRIMARY/ELEMENTARY,MARRIED,OTHERS,159475.45,1,120,192000,Rejected
4405583,FEMALE,PRIMARY/ELEMENTARY,MARRIED,OTHERS,28962.1,1,120,192000,Rejected
4405584,FEMALE,NOT SPECIFIED,MARRIED,OTHERS,103856.55,1,120,192000,Rejected
4405585,FEMALE,NOT SPECIFIED,MARRIED,OTHERS,152872.2,1,120,160000,Accepted
4405586,FEMALE,NOT SPECIFIED,MARRIED,OTHERS,153333.25,1,120,160000,Accepted
4405587,FEMALE,NOT SPECIFIED,SINGLE,OTHERS,153333.25,1,120,160000,Accepted
4405588,FEMALE,NOT SPECIFIED,MARRIED,OTHERS,134166.75,1,120,140000,Accepted
4405589,FEMALE,NOT SPECIFIED,MARRIED,OTHERS,153332.2,1,120,160000,Accepted
4405590,FEMALE,NOT SPECIFIED,MARRIED,OTHERS,153333.25,1,120,160000,Accepted
4405591,FEMALE,NOT SPECIFIED,SINGLE,OTHERS,22921.15,1,120,160000,Accepted
4405592,FEMALE,NOT SPECIFIED,MARRIED,OTHERS,22895.15,1,120,160000,Accepted
4405593,FEMALE,NOT SPECIFIED,MARRIED,OTHERS,59523.8,1,120,192000,Accepted
4405594,FEMALE,PRIMARY/ELEMENTARY,MARRIED,OTHERS,25493.5,1,120,170000,Accepted
4405595,FEMALE,PRIMARY/ELEMENTARY,MARRIED,OTHERS,53095.65,1,120,186700,Accepted
4405596,FEMALE,PRIMARY/ELEMENTARY,MARRIED,OTHERS,31315.4,1,120,170000,Accepted
4405597,FEMALE,NOT SPECIFIED,MARRIED,OTHERS,40026.45,1,120,172000,Accepted
4405598,FEMALE,NOT SPECIFIED,MARRIED,OTHERS,163399.9,1,120,172000,Accepted
4405599,FEMALE,PRIMARY/ELEMENTARY,MARRIED,OTHERS,63363.9,1,120,192000,Accepted
4405600,Male,NOT SPECIFIED,MARRIED,GOVERNMENT_EMPLOYEE,7000.0,2,36,20000,Accepted
4405601,Female,NOT SPECIFIED,SINGLE,GOVERNMENT_EMPLOYEE,20000.0,2,68,20000,Rejected
4405602,Female,NOT SPECIFIED,MARRIED,TRADE/BUSINESS,10000.0,2,44,20000,Accepted
4405603,Male,NOT SPECIFIED,MARRIED,TRADE/BUSINESS,10000.0,1,44,20000,Rejected
4405604,Female,NOT SPECIFIED,MARRIED,GOVERNMENT_EMPLOYEE,15000.0,1,56,10000,Accepted
4405605,Female,NOT SPECIFIED,MARRIED,TRADE/BUSINESS,20000.0,1,68,20000,Rejected
4405606,Female,NOT SPECIFIED,SINGLE,TRADE/BUSINESS,20000.0,1,68,10000,Rejected
4405607,Male,NOT SPECIFIED,MARRIED,TRADE/BUSINESS,10000.0,2,44,20000,Accepted
4405608,Female,NOT SPECIFIED,MARRIED,TRADE/BUSINESS,10000.0,2,44,8000,Accepted
4405609,Female,NOT SPECIFIED,MARRIED,TRADE/BUSINESS,10000.0,2,44,5000,Rejected
4405610,Female,PRIMARY/ELEMENTARY,SINGLE,TRADE/BUSINESS,20000.0,1,68,20000,Rejected
4405611,Female,PRIMARY/ELEMENTARY,SINGLE,TRADE/BUSINESS,20000.0,1,68,10000,Rejected
4405612,Female,PRIMARY/ELEMENTARY,MARRIED,TRADE/BUSINESS,10000.0,1,44,20000,Rejected
4405613,Female,NOT SPECIFIED,MARRIED,TRADE/BUSINESS,20000.0,1,68,20000,Rejected
4405614,Female,PRIMARY/ELEMENTARY,SINGLE,GOVERNMENT_EMPLOYEE,10000.0,2,44,20000,Accepted
4405615,Female,NOT SPECIFIED,SINGLE,OTHERS,10000.0,1,44,10000,Rejected
4405616,Female,NOT SPECIFIED,MARRIED,TRADE/BUSINESS,10000.0,2,44,10000,Accepted
4405617,Female,NOT SPECIFIED,MARRIED,TRADE/BUSINESS,10000.0,1,44,10000,Accepted
4405618,Female,PRIMARY/ELEMENTARY,SINGLE,TRADE/BUSINESS,15000.0,1,56,10000,Rejected
4405619,Female,NOT SPECIFIED,MARRIED,OTHERS,20000.0,2,68,20000,Rejected
4405620,Female,PRIMARY/ELEMENTARY,SINGLE,TRADE/BUSINESS,10000.0,2,44,20000,Rejected
4405621,Female,PRIMARY/ELEMENTARY,SINGLE,TRADE/BUSINESS,20000.0,1,68,10000,Rejected
4405622,Female,PRIMARY/ELEMENTARY,SINGLE,TRADE/BUSINESS,10000.0,2,44,10000,Accepted
4405623,Female,NOT SPECIFIED,SINGLE,TRADE/BUSINESS,20000.0,2,68,7000,Rejected
4405624,Female,PRIMARY/ELEMENTARY,MARRIED,TRADE/BUSINESS,10000.0,1,44,20000,Rejected
4405625,Male,NOT SPECIFIED,MARRIED,TRADE/BUSINESS,20000.0,1,68,20000,Rejected
4405626,Male,NOT SPECIFIED,SINGLE,OTHERS,10000.0,1,44,10000,Rejected
4405627,Male,NOT SPECIFIED,SINGLE,OTHERS,20000.0,1,68,10000,Rejected
4405628,Female,PRIMARY/ELEMENTARY,MARRIED,FARMING,20000.0,2,68,20000,Rejected
4405629,Female,NOT SPECIFIED,SINGLE,OTHERS,20000.0,2,68,20000,Rejected
4405630,Female,PRIMARY/ELEMENTARY,SINGLE,TRADE/BUSINESS,20000.0,2,68,10000,Rejected
4405631,Female,PRIMARY/ELEMENTARY,MARRIED,OTHERS,20000.0,2,68,10000,Rejected
4405632,Female,PRIMARY/ELEMENTARY,SINGLE,GOVERNMENT_EMPLOYEE,10000.0,1,44,10000,Rejected
4405633,FEMALE,NOT SPECIFIED,UNSPECIFIED,TRADE/BUSINESS,10000.0,2,44,5000,Rejected
4405634,Female,PRIMARY/ELEMENTARY,SINGLE,TRADE/BUSINESS,20000.0,2,68,10000,Accepted
4405635,Male,NOT SPECIFIED,SINGLE,TRADE/BUSINESS,10000.0,1,44,20000,Accepted
4405636,Male,NOT SPECIFIED,MARRIED,OTHERS,20000.0,2,68,20000,Accepted
4405637,Female,NOT SPECIFIED,MARRIED,FARMING,10000.0,1,44,20000,Rejected
4405638,Female,PRIMARY/ELEMENTARY,MARRIED,OTHERS,20000.0,1,68,10000,Rejected
4405639,Female,NOT SPECIFIED,MARRIED,OTHERS,20000.0,2,68,20000,Rejected
4405640,Female,PRIMARY/ELEMENTARY,MARRIED,TRADE/BUSINESS,15000.0,2,56,20000,Accepted
4405641,Female,NOT SPECIFIED,MARRIED,FARMING,20000.0,2,68,10000,Accepted
4405642,Female,PRIMARY/ELEMENTARY,MARRIED,TRADE/BUSINESS,20000.0,2,68,20000,Accepted
4405643,Female,PRIMARY/ELEMENTARY,MARRIED,TRADE/BUSINESS,20000.0,2,68,8000,Rejected
4405644,Female,PRIMARY/ELEMENTARY,MARRIED,OTHERS,20000.0,2,68,20000,Rejected
4405645,Female,NOT SPECIFIED,SINGLE,OTHERS,15000.0,2,56,20000,Rejected
4405646,Female,PRIMARY/ELEMENTARY,MARRIED,TRADE/BUSINESS,10000.0,1,44,10000,Rejected
4405647,FEMALE,NOT SPECIFIED,UNSPECIFIED,OTHERS,8000.0,1,36,10000,Rejected
4405648,Female,NOT SPECIFIED,MARRIED,GOVERNMENT_EMPLOYEE,10000.0,1,44,20000,Accepted
4405649,Female,NOT SPECIFIED,MARRIED,OTHERS,20000.0,2,68,10000,Accepted
4405650,Female,PRIMARY/ELEMENTARY,MARRIED,OTHERS,20000.0,1,68,20000,Rejected
4405651,FEMALE,NOT SPECIFIED,UNSPECIFIED,OTHERS,10000.0,1,44,10000,Rejected
4405652,Female,PRIMARY/ELEMENTARY,MARRIED,TRADE/BUSINESS,20000.0,1,68,10000,Rejected
4405653,Female,NOT SPECIFIED,MARRIED,GOVERNMENT_EMPLOYEE,10000.0,2,44,10000,Rejected
4405654,Female,PRIMARY/ELEMENTARY,MARRIED,TRADE/BUSINESS,20000.0,1,68,10000,Rejected
4405655,FEMALE,PRIMARY/ELEMENTARY,UNSPECIFIED,OTHERS,20000.0,1,68,20000,Rejected
4405656,Female,PRIMARY/ELEMENTARY,MARRIED,OTHERS,10000.0,1,44,10000,Rejected
4405657,Female,NOT SPECIFIED,MARRIED,OTHERS,20000.0,1,68,10000,Rejected
4405658,Female,PRIMARY/ELEMENTARY,MARRIED,OTHERS,10000.0,1,44,20000,Rejected
4405659,Female,NOT SPECIFIED,MARRIED,OTHERS,10000.0,2,44,10000,Rejected
4405660,Female,NOT SPECIFIED,SINGLE,OTHERS,20000.0,1,68,20000,Rejected
4405661,Female,NOT SPECIFIED,MARRIED,OTHERS,10000.0,1,44,20000,Rejected
4405662,FEMALE,PRIMARY/ELEMENTARY,UNSPECIFIED,OTHERS,20000.0,1,68,20000,Accepted
4405663,FEMALE,NOT SPECIFIED,UNSPECIFIED,OTHERS,10000.0,3,44,15000,Accepted
4405664,Female,PRIMARY/ELEMENTARY,MARRIED,OTHERS,10000.0,3,44,20000,Accepted
4405665,Female,NOT SPECIFIED,MARRIED,OTHERS,10000.0,3,44,20000,Accepted
4405666,Female,PRIMARY/ELEMENTARY,MARRIED,OTHERS,20000.0,3,68,20000,Accepted
4405667,Female,PRIMARY/ELEMENTARY,MARRIED,OTHERS,20000.0,1,68,15000,Rejected
4405668,Female,PRIMARY/ELEMENTARY,MARRIED,OTHERS,15000.0,2,56,20000,Accepted
4405669,Female,NOT SPECIFIED,MARRIED,OTHERS,20000.0,1,68,20000,Rejected
4405670,Female,PRIMARY/ELEMENTARY,MARRIED,OTHERS,10000.0,2,44,15000,Rejected
4405671,Female,NOT SPECIFIED,MARRIED,OTHERS,20000.0,2,68,10000,Accepted
4405672,Female,NOT SPECIFIED,MARRIED,OTHERS,10000.0,1,44,10000,Rejected
4405673,Female,NOT SPECIFIED,SINGLE,TRADE/BUSINESS,20000.0,1,68,10000,Rejected
4405674,Female,PRIMARY/ELEMENTARY,MARRIED,OTHERS,15000.0,1,56,10000,Rejected
4405675,FEMALE,NOT SPECIFIED,UNSPECIFIED,OTHERS,20000.0,1,68,10000,Accepted
4405676,Female,PRIMARY/ELEMENTARY,MARRIED,OTHERS,10000.0,1,44,10000,Rejected
4405677,Female,NOT SPECIFIED,MARRIED,OTHERS,20000.0,2,68,20000,Rejected
4405678,Female,PRIMARY/ELEMENTARY,MARRIED,OTHERS,10000.0,2,44,10000,Accepted
4405679,FEMALE,PRIMARY/ELEMENTARY,UNSPECIFIED,GOVERNMENT_EMPLOYEE,10000.0,2,44,20000,Accepted
4405680,Female,PRIMARY/ELEMENTARY,MARRIED,OTHERS,10000.0,2,44,10000,Accepted
4405681,Female,NOT SPECIFIED,MARRIED,OTHERS,10000.0,3,44,20000,Rejected
4405682,Female,PRIMARY/ELEMENTARY,MARRIED,OTHERS,8000.0,2,36,5000,Accepted
4405683,FEMALE,NOT SPECIFIED,UNSPECIFIED,OTHERS,20000.0,2,68,20000,Rejected
4405684,Female,NOT SPECIFIED,MARRIED,OTHERS,10000.0,1,44,10000,Accepted
4405685,Female,NOT SPECIFIED,MARRIED,OTHERS,10000.0,1,44,10000,Accepted
4405686,Female,PRIMARY/ELEMENTARY,MARRIED,TRADE/BUSINESS,20000.0,3,68,20000,Accepted
4405687,Female,NOT SPECIFIED,MARRIED,OTHERS,20000.0,1,68,10000,Accepted
4405688,Female,PRIMARY/ELEMENTARY,SINGLE,OTHERS,20000.0,2,68,10000,Rejected
4405689,Female,NOT SPECIFIED,MARRIED,OTHERS,10000.0,2,44,10000,Accepted
4405690,FEMALE,PRIMARY/ELEMENTARY,UNSPECIFIED,OTHERS,10000.0,2,44,12000,Accepted
4405691,FEMALE,PRIMARY/ELEMENTARY,UNSPECIFIED,OTHERS,20000.0,2,68,10000,Rejected
4405692,Female,PRIMARY/ELEMENTARY,MARRIED,OTHERS,20000.0,2,68,10000,Rejected
4405693,Female,NOT SPECIFIED,MARRIED,OTHERS,10000.0,3,44,10000,Accepted
4405694,Female,PRIMARY/ELEMENTARY,MARRIED,OTHERS,10000.0,3,44,10000,Accepted
4405695,Female,NOT SPECIFIED,MARRIED,OTHERS,20000.0,2,68,20000,Accepted
4405696,Female,NOT SPECIFIED,MARRIED,OTHERS,10000.0,1,44,20000,Rejected
4405697,Female,NOT SPECIFIED,MARRIED,OTHERS,20000.0,1,68,8000,Accepted
4405698,Male,PRIMARY/ELEMENTARY,MARRIED,OTHERS,20000.0,1,68,10000,Accepted
4405699,Male,NOT SPECIFIED,MARRIED,OTHERS,20000.0,1,68,20000,Accepted
4405700,Female,PRIMARY/ELEMENTARY,MARRIED,OTHERS,10000.0,1,44,10000,Accepted
4405701,Female,NOT SPECIFIED,SINGLE,OTHERS,10000.0,1,44,10000,Accepted
4405702,Male,PRIMARY/ELEMENTARY,MARRIED,OTHERS,20000.0,1,68,20000,Accepted
4405703,FEMALE,PRIMARY/ELEMENTARY,UNSPECIFIED,TRADE/BUSINESS,10000.0,1,44,20000,Accepted
4405704,Female,PRIMARY/ELEMENTARY,MARRIED,OTHERS,20000.0,1,68,20000,Accepted
4405705,Female,NOT SPECIFIED,MARRIED,OTHERS,10000.0,2,44,20000,Rejected
4405706,Female,PRIMARY/ELEMENTARY,MARRIED,OTHERS,10000.0,2,44,10000,Rejected
4405707,FEMALE,NOT SPECIFIED,UNSPECIFIED,OTHERS,20000.0,2,68,10000,Rejected
4405708,Male,NOT SPECIFIED,MARRIED,OTHERS,15000.0,2,56,10000,Accepted
4405709,Female,NOT SPECIFIED,MARRIED,OTHERS,20000.0,2,68,10000,Rejected
4405710,Male,PRIMARY/ELEMENTARY,MARRIED,OTHERS,10000.0,2,44,10000,Rejected
4405711,FEMALE,NOT SPECIFIED,UNSPECIFIED,OTHERS,10000.0,1,44,10000,Accepted
4405712,Male,PRIMARY/ELEMENTARY,MARRIED,TRADE/BUSINESS,20000.0,1,68,20000,Accepted
4405713,Male,NOT SPECIFIED,MARRIED,OTHERS,20000.0,1,68,20000,Accepted
4405714,Male,PRIMARY/ELEMENTARY,MARRIED,OTHERS,8000.0,2,36,10000,Rejected
4405715,Male,PRIMARY/ELEMENTARY,MARRIED,OTHERS,15000.0,1,56,10000,Rejected
4405716,Male,PRIMARY/ELEMENTARY,SINGLE,TRADE/BUSINESS,10000.0,2,44,10000,Accepted
4405717,Female,NOT SPECIFIED,MARRIED,OTHERS,5000.0,2,32,20000,Accepted
4405718,FEMALE,PRIMARY/ELEMENTARY,UNSPECIFIED,OTHERS,20000.0,2,68,10000,Rejected
4405719,FEMALE,NOT SPECIFIED,UNSPECIFIED,GOVERNMENT_EMPLOYEE,15000.0,1,56,10000,Accepted
4405720,Male,NOT SPECIFIED,MARRIED,TRADE/BUSINESS,10000.0,1,44,20000,Accepted
4405721,Male,NOT SPECIFIED,MARRIED,OTHERS,10000.0,1,44,20000,Accepted
4405722,Male,PRIMARY/ELEMENTARY,MARRIED,OTHERS,10000.0,1,44,20000,Accepted
4405723,Male,NOT SPECIFIED,MARRIED,OTHERS,7000.0,3,36,10000,Accepted
4405724,Male,PRIMARY/ELEMENTARY,MARRIED,OTHERS,10000.0,3,44,20000,Accepted
4405725,Male,NOT SPECIFIED,MARRIED,TRADE/BUSINESS,20000.0,3,68,10000,Accepted
4405726,Male,PRIMARY/ELEMENTARY,MARRIED,TRADE/BUSINESS,5000.0,2,32,10000,Accepted
4405727,Male,PRIMARY/ELEMENTARY,MARRIED,OTHERS,20000.0,2,68,20000,Accepted
4405728,Female,PRIMARY/ELEMENTARY,MARRIED,TRADE/BUSINESS,20000.0,3,68,10000,Rejected
4405729,Female,NOT SPECIFIED,SINGLE,OTHERS,10000.0,1,44,20000,Rejected
4405730,Female,PRIMARY/ELEMENTARY,MARRIED,OTHERS,20000.0,1,68,10000,Rejected
4405731,FEMALE,NOT SPECIFIED,UNSPECIFIED,TRADE/BUSINESS,20000.0,1,68,10000,Accepted
4405732,Female,NOT SPECIFIED,MARRIED,OTHERS,10000.0,1,44,20000,Accepted
4405733,Female,NOT SPECIFIED,MARRIED,OTHERS,8000.0,1,36,20000,Accepted
4405734,Female,PRIMARY/ELEMENTARY,MARRIED,TRADE/BUSINESS,10000.0,2,44,8000,Accepted
4405735,FEMALE,NOT SPECIFIED,UNSPECIFIED,OTHERS,20000.0,2,68,10000,Accepted
4405736,Male,PRIMARY/ELEMENTARY,MARRIED,OTHERS,20000.0,1,68,20000,Accepted
4405737,Male,NOT SPECIFIED,MARRIED,OTHERS,20000.0,1,68,8000,Accepted
4405738,Female,PRIMARY/ELEMENTARY,MARRIED,TRADE/BUSINESS,15000.0,2,56,20000,Accepted
4405739,FEMALE,PRIMARY/ELEMENTARY,UNSPECIFIED,OTHERS,20000.0,1,68,20000,Accepted
4405740,Male,PRIMARY/ELEMENTARY,MARRIED,OTHERS,20000.0,1,68,10000,Rejected
4405741,Male,NOT SPECIFIED,MARRIED,OTHERS,10000.0,1,44,10000,Accepted
4405742,Male,PRIMARY/ELEMENTARY,MARRIED,OTHERS,20000.0,1,68,20000,Accepted
4405743,Male,NOT SPECIFIED,MARRIED,OTHERS,10000.0,2,44,10000,Rejected
4405744,Female,NOT SPECIFIED,SINGLE,OTHERS,10000.0,2,44,8000,Rejected
4405745,Male,NOT SPECIFIED,MARRIED,OTHERS,8000.0,3,36,10000,Rejected
4405746,FEMALE,PRIMARY/ELEMENTARY,UNSPECIFIED,OTHERS,15000.0,2,56,20000,Rejected
4405747,FEMALE,NOT SPECIFIED,UNSPECIFIED,OTHERS,10000.0,2,44,20000,Accepted
4405748,Male,PRIMARY/ELEMENTARY,MARRIED,OTHERS,20000.0,2,68,20000,Accepted
4405749,Male,NOT SPECIFIED,MARRIED,OTHERS,20000.0,1,68,10000,Accepted
4405750,Female,PRIMARY/ELEMENTARY,MARRIED,OTHERS,10000.0,1,44,20000,Accepted
4405751,Female,PRIMARY/ELEMENTARY,MARRIED,OTHERS,20000.0,2,68,10000,Accepted
4405752,Un Specified,PRIMARY/ELEMENTARY,MARRIED,OTHERS,10000.0,1,44,10000,Accepted
4405753,Female,NOT SPECIFIED,MARRIED,OTHERS,20000.0,1,68,10000,Accepted
4405754,FEMALE,PRIMARY/ELEMENTARY,MARRIED,OTHERS,5000.0,2,32,10000,Accepted
4405755,MALE,NOT SPECIFIED,MARRIED,TRADE/BUSINESS,10000.0,1,44,20000,Accepted
4405756,FEMALE,NOT SPECIFIED,MARRIED,OTHERS,20000.0,1,68,20000,Accepted
4405757,MALE,NOT SPECIFIED,SINGLE,TRADE/BUSINESS,20000.0,1,68,20000,Accepted
4405758,MALE,PRIMARY/ELEMENTARY,MARRIED,OTHERS,1500.0,1,24,20000,Accepted
4405759,FEMALE,NOT SPECIFIED,UNSPECIFIED,TRADE/BUSINESS,10000.0,1,44,20000,Accepted
4405760,MALE,NOT SPECIFIED,MARRIED,TRADE/BUSINESS,10000.0,1,44,10000,Accepted
4405761,FEMALE,PRIMARY/ELEMENTARY,MARRIED,OTHERS,10000.0,2,44,20000,Accepted
4405762,MALE,NOT SPECIFIED,MARRIED,OTHERS,10000.0,2,44,20000,Accepted
4405763,MALE,PRIMARY/ELEMENTARY,UNSPECIFIED,OTHERS,20000.0,1,68,20000,Accepted
4405764,FEMALE,PRIMARY/ELEMENTARY,MARRIED,OTHERS,20000.0,1,68,10000,Accepted
4405765,MALE,PRIMARY/ELEMENTARY,MARRIED,OTHERS,20000.0,1,68,40000,Accepted
4405766,FEMALE,NOT SPECIFIED,MARRIED,OTHERS,10000.0,1,44,20000,Accepted
4405767,MALE,PRIMARY/ELEMENTARY,UNSPECIFIED,OTHERS,20000.0,1,68,20000,Accepted
4405768,MALE,NOT SPECIFIED,MARRIED,OTHERS,20000.0,1,68,20000,Accepted
4405769,FEMALE,NOT SPECIFIED,MARRIED,OTHERS,20000.0,2,68,20000,Accepted
4405770,MALE,NOT SPECIFIED,MARRIED,OTHERS,20000.0,2,68,20000,Accepted
4405771,FEMALE,PRIMARY/ELEMENTARY,MARRIED,OTHERS,20000.0,1,68,20000,Accepted
4405772,MALE,NOT SPECIFIED,SINGLE,OTHERS,10000.0,1,44,20000,Accepted
4405773,MALE,NOT SPECIFIED,MARRIED,OTHERS,10000.0,2,44,20000,Accepted
4405774,FEMALE,PRIMARY/ELEMENTARY,UNSPECIFIED,OTHERS,10000.0,2,44,10000,Rejected
4405775,MALE,NOT SPECIFIED,UNSPECIFIED,OTHERS,20000.0,1,68,20000,Rejected
4405776,FEMALE,PRIMARY/ELEMENTARY,MARRIED,TRADE/BUSINESS,20000.0,3,68,15000,Accepted
4405777,MALE,NOT SPECIFIED,MARRIED,OTHERS,10000.0,2,44,20000,Accepted
4405778,MALE,PRIMARY/ELEMENTARY,MARRIED,OTHERS,20000.0,1,68,10000,Rejected
4405779,FEMALE,PRIMARY/ELEMENTARY,MARRIED,OTHERS,10000.0,2,44,20000,Rejected
4405780,MALE,PRIMARY/ELEMENTARY,MARRIED,OTHERS,20000.0,2,68,20000,Rejected
4405781,FEMALE,NOT SPECIFIED,MARRIED,OTHERS,20000.0,2,68,15000,Rejected
4405782,MALE,PRIMARY/ELEMENTARY,MARRIED,OTHERS,20000.0,2,68,20000,Rejected
4405783,MALE,NOT SPECIFIED,MARRIED,TRADE/BUSINESS,20000.0,2,68,10000,Accepted
4405784,MALE,NOT SPECIFIED,MARRIED,OTHERS,10000.0,1,44,10000,Accepted
4405785,FEMALE,NOT SPECIFIED,SINGLE,OTHERS,10000.0,1,44,10000,Accepted
4405786,MALE,PRIMARY/ELEMENTARY,MARRIED,OTHERS,10000.0,2,44,20000,Rejected
4405787,FEMALE,NOT SPECIFIED,UNSPECIFIED,TRADE/BUSINESS,20000.0,2,68,10000,Accepted
4405788,MALE,NOT SPECIFIED,MARRIED,OTHERS,10000.0,3,44,20000,Accepted
4405789,MALE,PRIMARY/ELEMENTARY,MARRIED,OTHERS,20000.0,2,68,10000,Rejected
4405790,MALE,NOT SPECIFIED,MARRIED,TRADE/BUSINESS,10000.0,1,44,10000,Rejected
4405791,Un Specified,PRIMARY/ELEMENTARY,UNSPECIFIED,OTHERS,10000.0,1,44,20000,Accepted
4405792,Un Specified,PRIMARY/ELEMENTARY,MARRIED,OTHERS,20000.0,1,68,10000,Rejected
4405793,MALE,PRIMARY/ELEMENTARY,MARRIED,OTHERS,15000.0,3,56,8000,Rejected
4405794,MALE,NOT SPECIFIED,MARRIED,OTHERS,10000.0,3,44,10000,Accepted
4405795,FEMALE,PRIMARY/ELEMENTARY,UNSPECIFIED,OTHERS,20000.0,3,68,10000,Accepted
4405796,FEMALE,NOT SPECIFIED,MARRIED,OTHERS,10000.0,2,44,20000,Rejected
4405797,FEMALE,NOT SPECIFIED,MARRIED,OTHERS,10000.0,2,44,10000,Accepted
4405798,MALE,NOT SPECIFIED,MARRIED,OTHERS,8000.0,2,36,10000,Accepted
4405799,MALE,PRIMARY/ELEMENTARY,MARRIED,OTHERS,20000.0,1,68,10000,Accepted
4405800,Un Specified,NOT SPECIFIED,SINGLE,OTHERS,20000.0,2,68,20000,Rejected
4405801,Un Specified,NOT SPECIFIED,MARRIED,OTHERS,10000.0,2,44,20000,Accepted
4405802,MALE,PRIMARY/ELEMENTARY,UNSPECIFIED,OTHERS,10000.0,2,44,20000,Accepted
4405803,MALE,NOT SPECIFIED,UNSPECIFIED,OTHERS,8000.0,1,36,8000,Rejected
4405804,FEMALE,PRIMARY/ELEMENTARY,MARRIED,OTHERS,20000.0,1,68,10000,Rejected
4405805,FEMALE,NOT SPECIFIED,MARRIED,OTHERS,10000.0,1,44,20000,Rejected
4405806,FEMALE,PRIMARY/ELEMENTARY,MARRIED,OTHERS,10000.0,1,44,20000,Rejected
4405807,MALE,PRIMARY/ELEMENTARY,MARRIED,OTHERS,10000.0,1,44,20000,Rejected
4405808,MALE,PRIMARY/ELEMENTARY,MARRIED,OTHERS,20000.0,3,68,10000,Accepted
4405809,Un Specified,NOT SPECIFIED,MARRIED,OTHERS,20000.0,1,68,20000,Accepted
4405810,Un Specified,PRIMARY/ELEMENTARY,MARRIED,OTHERS,20000.0,1,68,10000,Accepted
4405811,MALE,NOT SPECIFIED,MARRIED,OTHERS,20000.0,2,68,15000,Rejected
4405812,MALE,NOT SPECIFIED,MARRIED,OTHERS,20000.0,3,68,15000,Accepted
4405813,FEMALE,NOT SPECIFIED,SINGLE,OTHERS,20000.0,3,68,10000,Accepted
4405814,FEMALE,PRIMARY/ELEMENTARY,MARRIED,OTHERS,10000.0,3,44,20000,Accepted
4405815,FEMALE,NOT SPECIFIED,UNSPECIFIED,OTHERS,20000.0,1,68,10000,Accepted
4405816,MALE,NOT SPECIFIED,MARRIED,OTHERS,10000.0,2,44,10000,Accepted
4405817,MALE,PRIMARY/ELEMENTARY,MARRIED,OTHERS,20000.0,1,68,15000,Rejected
4405818,Un Specified,NOT SPECIFIED,MARRIED,FARMING,10000.0,2,44,20000,Accepted
4405819,Un Specified,PRIMARY/ELEMENTARY,UNSPECIFIED,OTHERS,10000.0,1,44,7000,Rejected
4405820,MALE,PRIMARY/ELEMENTARY,MARRIED,OTHERS,20000.0,1,68,20000,Rejected
4405821,MALE,PRIMARY/ELEMENTARY,MARRIED,TRADE/BUSINESS,20000.0,2,68,10000,Accepted
4405822,FEMALE,NOT SPECIFIED,MARRIED,TRADE/BUSINESS,10000.0,2,44,60000,Accepted
4405823,FEMALE,PRIMARY/ELEMENTARY,UNSPECIFIED,OTHERS,10000.0,2,44,60000,Accepted
4405824,FEMALE,NOT SPECIFIED,MARRIED,TRADE/BUSINESS,10000.0,2,44,200000,Accepted
4405825,MALE,NOT SPECIFIED,MARRIED,TRADE/BUSINESS,10000.0,1,44,200000,Accepted
4405826,MALE,NOT SPECIFIED,MARRIED,OTHERS,10000.0,1,44,30000,Accepted
4405827,Un Specified,PRIMARY/ELEMENTARY,MARRIED,OTHERS,10000.0,3,44,60000,Accepted
4405828,Un Specified,NOT SPECIFIED,SINGLE,OTHERS,10000.0,3,44,49000,Accepted
4405829,MALE,NOT SPECIFIED,MARRIED,OTHERS,20000.0,3,68,48000,Accepted
4405830,MALE,PRIMARY/ELEMENTARY,UNSPECIFIED,TRADE/BUSINESS,10000.0,2,44,7000,Accepted
4405831,FEMALE,NOT SPECIFIED,UNSPECIFIED,OTHERS,20000.0,2,68,20000,Accepted
4405832,FEMALE,PRIMARY/ELEMENTARY,MARRIED,OTHERS,20000.0,2,68,10000,Accepted
4405833,FEMALE,NOT SPECIFIED,MARRIED,OTHERS,10000.0,1,44,10000,Accepted
4405834,MALE,PRIMARY/ELEMENTARY,MARRIED,OTHERS,20000.0,1,68,15000,Accepted
4405835,MALE,PRIMARY/ELEMENTARY,MARRIED,OTHERS,20000.0,1,68,20000,Rejected
4405836,Un Specified,PRIMARY/ELEMENTARY,MARRIED,OTHERS,8000.0,2,36,20000,Accepted
4405837,Un Specified,NOT SPECIFIED,MARRIED,OTHERS,20000.0,1,68,10000,Rejected
4405838,MALE,PRIMARY/ELEMENTARY,MARRIED,OTHERS,6000.0,2,32,10000,Rejected
4405839,MALE,NOT SPECIFIED,MARRIED,OTHERS,15000.0,1,56,10000,Rejected
4405840,FEMALE,NOT SPECIFIED,MARRIED,OTHERS,10000.0,2,44,20000,Accepted
4405841,FEMALE,NOT SPECIFIED,SINGLE,OTHERS,10000.0,1,44,20000,Rejected
4405842,FEMALE,PRIMARY/ELEMENTARY,MARRIED,OTHERS,20000.0,1,68,10000,Rejected
4405843,MALE,NOT SPECIFIED,UNSPECIFIED,OTHERS,20000.0,1,68,20000,Rejected
4405844,MALE,NOT SPECIFIED,MARRIED,OTHERS,10000.0,1,44,10000,Rejected
4405845,Un Specified,PRIMARY/ELEMENTARY,MARRIED,OTHERS,6000.0,3,32,10000,Accepted
4405846,Un Specified,NOT SPECIFIED,MARRIED,OTHERS,15000.0,3,56,10000,Accepted
4405847,MALE,PRIMARY/ELEMENTARY,UNSPECIFIED,OTHERS,20000.0,3,68,10000,Accepted
4405848,MALE,PRIMARY/ELEMENTARY,MARRIED,OTHERS,10000.0,3,44,15000,Accepted
4405849,FEMALE,PRIMARY/ELEMENTARY,MARRIED,OTHERS,10000.0,3,44,20000,Accepted
4405850,FEMALE,NOT SPECIFIED,MARRIED,OTHERS,20000.0,2,68,10000,Rejected
4405851,FEMALE,PRIMARY/ELEMENTARY,UNSPECIFIED,OTHERS,20000.0,2,68,20000,Rejected
4405852,MALE,NOT SPECIFIED,MARRIED,OTHERS,20000.0,1,68,10000,Rejected
4405853,MALE,NOT SPECIFIED,MARRIED,OTHERS,20000.0,1,68,20000,Rejected
4405854,Un Specified,NOT SPECIFIED,MARRIED,OTHERS,10000.0,1,44,10000,Rejected
4405855,Un Specified,PRIMARY/ELEMENTARY,MARRIED,OTHERS,10000.0,2,44,20000,Accepted
4405856,MALE,NOT SPECIFIED,SINGLE,OTHERS,10000.0,1,44,10000,Rejected
4405857,MALE,NOT SPECIFIED,MARRIED,OTHERS,20000.0,1,68,20000,Rejected
4405858,FEMALE,PRIMARY/ELEMENTARY,UNSPECIFIED,OTHERS,20000.0,1,68,20000,Rejected
4405859,FEMALE,NOT SPECIFIED,UNSPECIFIED,OTHERS,10000.0,1,44,20000,Rejected
4405860,FEMALE,PRIMARY/ELEMENTARY,UNSPECIFIED,OTHERS,8000.0,1,36,20000,Rejected
4405861,MALE,NOT SPECIFIED,MARRIED,TRADE/BUSINESS,10000.0,1,44,20000,Rejected
4405862,MALE,PRIMARY/ELEMENTARY,MARRIED,OTHERS,10000.0,1,44,10000,Rejected
4405863,Un Specified,PRIMARY/ELEMENTARY,MARRIED,OTHERS,20000.0,1,68,10000,Rejected
4405864,Un Specified,PRIMARY/ELEMENTARY,MARRIED,OTHERS,10000.0,3,44,20000,Accepted
4405865,MALE,NOT SPECIFIED,MARRIED,OTHERS,10000.0,3,44,10000,Accepted
4405866,MALE,PRIMARY/ELEMENTARY,MARRIED,OTHERS,20000.0,3,68,20000,Accepted
4405867,FEMALE,NOT SPECIFIED,MARRIED,OTHERS,20000.0,3,68,10000,Accepted
4405868,FEMALE,NOT SPECIFIED,MARRIED,OTHERS,20000.0,1,68,20000,Rejected
4405869,FEMALE,NOT SPECIFIED,MARRIED,OTHERS,10000.0,3,44,20000,Accepted
4405870,MALE,PRIMARY/ELEMENTARY,SINGLE,OTHERS,10000.0,3,44,15000,Accepted
4405871,MALE,NOT SPECIFIED,MARRIED,FARMING,10000.0,3,44,20000,Accepted
4405872,Un Specified,NOT SPECIFIED,UNSPECIFIED,OTHERS,10000.0,3,44,20000,Accepted
4405873,Un Specified,PRIMARY/ELEMENTARY,MARRIED,OTHERS,10000.0,3,44,20000,Accepted
4405874,MALE,NOT SPECIFIED,MARRIED,OTHERS,10000.0,3,44,20000,Accepted
4405875,MALE,PRIMARY/ELEMENTARY,MARRIED,OTHERS,20000.0,3,68,15000,Accepted
4405876,FEMALE,PRIMARY/ELEMENTARY,UNSPECIFIED,OTHERS,20000.0,3,68,10000,Accepted
4405877,FEMALE,PRIMARY/ELEMENTARY,MARRIED,OTHERS,10000.0,3,44,8000,Accepted
4405878,FEMALE,NOT SPECIFIED,MARRIED,OTHERS,8000.0,3,36,10000,Accepted
4405879,MALE,PRIMARY/ELEMENTARY,MARRIED,OTHERS,5000.0,3,32,20000,Accepted
4405880,MALE,NOT SPECIFIED,UNSPECIFIED,OTHERS,15000.0,2,56,20000,Accepted
4405881,Un Specified,NOT SPECIFIED,MARRIED,GOVERNMENT_EMPLOYEE,10000.0,1,44,10000,Rejected
4405882,Un Specified,NOT SPECIFIED,MARRIED,OTHERS,20000.0,1,68,20000,Rejected
4405883,MALE,PRIMARY/ELEMENTARY,MARRIED,TRADE/BUSINESS,20000.0,3,68,10000,Accepted
4405884,MALE,NOT SPECIFIED,MARRIED,OTHERS,10000.0,1,44,20000,Rejected
4405885,FEMALE,NOT SPECIFIED,SINGLE,TRADE/BUSINESS,20000.0,1,68,20000,Rejected
4405886,FEMALE,PRIMARY/ELEMENTARY,MARRIED,GOVERNMENT_EMPLOYEE,10000.0,3,44,10000,Accepted
4405887,FEMALE,NOT SPECIFIED,UNSPECIFIED,OTHERS,20000.0,3,68,20000,Accepted
4405888,MALE,PRIMARY/ELEMENTARY,UNSPECIFIED,OTHERS,10000.0,3,44,10000,Accepted
4405889,MALE,NOT SPECIFIED,UNSPECIFIED,OTHERS,8000.0,3,36,10000,Accepted
4405890,Un Specified,PRIMARY/ELEMENTARY,UNSPECIFIED,OTHERS,10000.0,3,44,20000,Accepted
4405891,Un Specified,PRIMARY/ELEMENTARY,UNSPECIFIED,GOVERNMENT_EMPLOYEE,15000.0,1,56,10000,Accepted
4405892,MALE,PRIMARY/ELEMENTARY,MARRIED,OTHERS,10000.0,1,44,20000,Accepted
4405893,MALE,NOT SPECIFIED,MARRIED,OTHERS,10000.0,1,44,10000,Accepted
4405894,FEMALE,PRIMARY/ELEMENTARY,MARRIED,OTHERS,20000.0,3,68,10000,Accepted
4405895,FEMALE,NOT SPECIFIED,MARRIED,OTHERS,10000.0,3,44,10000,Accepted
4405896,FEMALE,NOT SPECIFIED,MARRIED,OTHERS,10000.0,3,44,20000,Accepted
4405897,MALE,NOT SPECIFIED,MARRIED,TRADE/BUSINESS,20000.0,1,68,20000,Accepted
4405898,MALE,PRIMARY/ELEMENTARY,MARRIED,OTHERS,20000.0,1,68,15000,Accepted
4405899,Un Specified,NOT SPECIFIED,MARRIED,OTHERS,20000.0,1,68,20000,Rejected
4405900,Un Specified,NOT SPECIFIED,MARRIED,GOVERNMENT_EMPLOYEE,20000.0,1,68,10000,Rejected
4405901,MALE,PRIMARY/ELEMENTARY,SINGLE,OTHERS,10000.0,1,44,20000,Rejected
4405902,MALE,NOT SPECIFIED,MARRIED,OTHERS,20000.0,3,68,10000,Accepted
4405903,FEMALE,PRIMARY/ELEMENTARY,UNSPECIFIED,OTHERS,10000.0,1,44,20000,Rejected
4405904,FEMALE,PRIMARY/ELEMENTARY,MARRIED,OTHERS,20000.0,1,68,15000,Rejected
4405905,FEMALE,PRIMARY/ELEMENTARY,MARRIED,OTHERS,8000.0,1,36,20000,Rejected
4405906,MALE,NOT SPECIFIED,MARRIED,OTHERS,5000.0,1,32,10000,Rejected
4405907,MALE,PRIMARY/ELEMENTARY,UNSPECIFIED,OTHERS,20000.0,1,68,20000,Rejected
4405908,Un Specified,NOT SPECIFIED,MARRIED,OTHERS,10000.0,1,44,10000,Rejected
4405909,Un Specified,NOT SPECIFIED,MARRIED,OTHERS,20000.0,1,68,10000,Rejected
4405910,MALE,NOT SPECIFIED,MARRIED,OTHERS,20000.0,1,68,10000,Rejected
4405911,MALE,PRIMARY/ELEMENTARY,UNSPECIFIED,OTHERS,20000.0,1,68,10000,Rejected
4405912,FEMALE,NOT SPECIFIED,MARRIED,OTHERS,10000.0,1,44,8000,Rejected
4405913,FEMALE,NOT SPECIFIED,MARRIED,OTHERS,10000.0,1,44,20000,Rejected
4405914,FEMALE,PRIMARY/ELEMENTARY,MARRIED,OTHERS,10000.0,1,44,10000,Rejected
4405915,MALE,NOT SPECIFIED,MARRIED,OTHERS,10000.0,3,44,10000,Accepted
4405916,MALE,PRIMARY/ELEMENTARY,SINGLE,OTHERS,20000.0,3,68,20000,Accepted
4405917,Un Specified,NOT SPECIFIED,MARRIED,OTHERS,20000.0,1,68,20000,Rejected
4405918,Un Specified,PRIMARY/ELEMENTARY,UNSPECIFIED,OTHERS,10000.0,1,44,20000,Rejected
4405919,MALE,PRIMARY/ELEMENTARY,UNSPECIFIED,OTHERS,10000.0,1,44,10000,Rejected
4405920,MALE,PRIMARY/ELEMENTARY,UNSPECIFIED,OTHERS,7000.0,1,36,10000,Rejected
4405921,FEMALE,NOT SPECIFIED,UNSPECIFIED,OTHERS,20000.0,1,68,20000,Rejected
4405922,FEMALE,PRIMARY/ELEMENTARY,UNSPECIFIED,OTHERS,20000.0,1,68,20000,Rejected
4405923,FEMALE,NOT SPECIFIED,MARRIED,OTHERS,10000.0,2,44,10000,Accepted
4405924,MALE,NOT SPECIFIED,MARRIED,OTHERS,10000.0,1,44,10000,Rejected
4405925,MALE,NOT SPECIFIED,MARRIED,TRADE/BUSINESS,20000.0,1,68,20000,Rejected
4405926,Un Specified,PRIMARY/ELEMENTARY,MARRIED,TRADE/BUSINESS,20000.0,1,68,10000,Rejected
4405927,Un Specified,NOT SPECIFIED,MARRIED,OTHERS,10000.0,1,44,20000,Rejected
4405928,MALE,NOT SPECIFIED,MARRIED,OTHERS,10000.0,1,44,20000,Rejected
4405929,MALE,PRIMARY/ELEMENTARY,MARRIED,OTHERS,10000.0,1,44,20000,Rejected
4405930,FEMALE,NOT SPECIFIED,MARRIED,OTHERS,5000.0,3,32,10000,Accepted
4405931,FEMALE,PRIMARY/ELEMENTARY,MARRIED,OTHERS,10000.0,1,44,10000,Rejected
4405932,FEMALE,PRIMARY/ELEMENTARY,SINGLE,OTHERS,20000.0,3,68,20000,Accepted
4405933,MALE,PRIMARY/ELEMENTARY,MARRIED,OTHERS,20000.0,3,68,10000,Accepted
4405934,MALE,NOT SPECIFIED,UNSPECIFIED,OTHERS,20000.0,3,68,20000,Accepted
4405935,Un Specified,PRIMARY/ELEMENTARY,MARRIED,OTHERS,10000.0,3,44,10000,Accepted
4405936,Un Specified,NOT SPECIFIED,MARRIED,OTHERS,20000.0,3,68,10000,Accepted
4405937,MALE,NOT SPECIFIED,MARRIED,OTHERS,20000.0,3,68,20000,Accepted
4405938,MALE,NOT SPECIFIED,UNSPECIFIED,OTHERS,10000.0,3,44,15000,Accepted
4405939,FEMALE,PRIMARY/ELEMENTARY,MARRIED,OTHERS,20000.0,1,68,20000,Rejected
4405940,FEMALE,NOT SPECIFIED,MARRIED,OTHERS,8000.0,1,36,10000,Rejected
4405941,FEMALE,NOT SPECIFIED,MARRIED,OTHERS,20000.0,1,68,10000,Rejected
4405942,MALE,PRIMARY/ELEMENTARY,UNSPECIFIED,OTHERS,20000.0,1,68,20000,Rejected
4405943,MALE,NOT SPECIFIED,MARRIED,OTHERS,10000.0,1,44,20000,Rejected
4405944,Un Specified,PRIMARY/ELEMENTARY,MARRIED,OTHERS,10000.0,1,44,8000,Rejected
4405945,Un Specified,NOT SPECIFIED,MARRIED,OTHERS,20000.0,3,68,15000,Accepted
4405946,MALE,PRIMARY/ELEMENTARY,MARRIED,OTHERS,10000.0,1,44,10000,Rejected
4405947,MALE,PRIMARY/ELEMENTARY,SINGLE,OTHERS,20000.0,1,68,5000,Rejected
4405948,FEMALE,PRIMARY/ELEMENTARY,MARRIED,OTHERS,10000.0,1,44,20000,Rejected
4405949,FEMALE,NOT SPECIFIED,UNSPECIFIED,OTHERS,10000.0,3,44,15000,Accepted
4405950,FEMALE,PRIMARY/ELEMENTARY,UNSPECIFIED,OTHERS,10000.0,3,44,10000,Accepted
4405951,MALE,NOT SPECIFIED,UNSPECIFIED,OTHERS,10000.0,1,44,10000,Rejected
4405952,MALE,NOT SPECIFIED,UNSPECIFIED,OTHERS,20000.0,1,68,10000,Rejected
4405953,Un Specified,NOT SPECIFIED,UNSPECIFIED,OTHERS,10000.0,1,44,7000,Rejected
4405954,Un Specified,PRIMARY/ELEMENTARY,MARRIED,OTHERS,10000.0,1,44,10000,Rejected
4405955,MALE,NOT SPECIFIED,MARRIED,OTHERS,20000.0,3,68,20000,Accepted
4405956,MALE,NOT SPECIFIED,MARRIED,OTHERS,10000.0,3,44,5000,Accepted
4405957,FEMALE,PRIMARY/ELEMENTARY,MARRIED,OTHERS,20000.0,1,68,20000,Rejected
4405958,FEMALE,NOT SPECIFIED,MARRIED,OTHERS,20000.0,1,68,20000,Rejected
4405959,FEMALE,PRIMARY/ELEMENTARY,MARRIED,OTHERS,20000.0,2,68,10000,Accepted
4405960,MALE,PRIMARY/ELEMENTARY,MARRIED,OTHERS,15000.0,2,56,20000,Accepted
4405961,MALE,PRIMARY/ELEMENTARY,MARRIED,OTHERS,20000.0,1,68,20000,Rejected
4405962,Un Specified,NOT SPECIFIED,MARRIED,OTHERS,20000.0,3,68,10000,Accepted
4405963,Un Specified,PRIMARY/ELEMENTARY,SINGLE,OTHERS,20000.0,3,68,8000,Accepted
4405964,MALE,NOT SPECIFIED,MARRIED,FARMING,15000.0,1,56,10000,Rejected
4405965,MALE,NOT SPECIFIED,UNSPECIFIED,OTHERS,20000.0,1,68,20000,Rejected
4405966,FEMALE,NOT SPECIFIED,MARRIED,OTHERS,20000.0,2,68,20000,Accepted
4405967,FEMALE,PRIMARY/ELEMENTARY,MARRIED,OTHERS,15000.0,1,56,20000,Rejected
4405968,FEMALE,NOT SPECIFIED,MARRIED,OTHERS,10000.0,1,44,15000,Rejected
4405969,MALE,NOT SPECIFIED,UNSPECIFIED,OTHERS,10000.0,1,44,20000,Rejected
4405970,MALE,PRIMARY/ELEMENTARY,MARRIED,OTHERS,10000.0,1,44,20000,Rejected
4405971,Un Specified,NOT SPECIFIED,MARRIED,OTHERS,10000.0,1,44,10000,Rejected
4405972,Un Specified,PRIMARY/ELEMENTARY,MARRIED,OTHERS,10000.0,1,44,20000,Rejected
4405973,MALE,NOT SPECIFIED,UNSPECIFIED,OTHERS,10000.0,1,44,10000,Rejected
4405974,MALE,PRIMARY/ELEMENTARY,MARRIED,OTHERS,20000.0,3,68,10000,Accepted
4405975,FEMALE,PRIMARY/ELEMENTARY,MARRIED,OTHERS,10000.0,3,44,8000,Accepted
4405976,FEMALE,PRIMARY/ELEMENTARY,MARRIED,OTHERS,20000.0,3,68,15000,Accepted
4405977,FEMALE,NOT SPECIFIED,MARRIED,OTHERS,10000.0,3,44,10000,Accepted
4405978,MALE,PRIMARY/ELEMENTARY,SINGLE,OTHERS,20000.0,3,68,20000,Accepted
4405979,MALE,NOT SPECIFIED,MARRIED,OTHERS,5000.0,1,32,20000,Rejected
4405980,Un Specified,NOT SPECIFIED,UNSPECIFIED,OTHERS,20000.0,1,68,10000,Rejected
4405981,Un Specified,NOT SPECIFIED,UNSPECIFIED,OTHERS,10000.0,1,44,20000,Rejected
4405982,MALE,PRIMARY/ELEMENTARY,UNSPECIFIED,OTHERS,10000.0,1,44,10000,Rejected
4405983,MALE,NOT SPECIFIED,UNSPECIFIED,OTHERS,20000.0,1,68,20000,Rejected
4405984,FEMALE,NOT SPECIFIED,UNSPECIFIED,OTHERS,10000.0,3,44,5000,Accepted
4405985,FEMALE,PRIMARY/ELEMENTARY,MARRIED,OTHERS,10000.0,1,44,10000,Rejected
4405986,FEMALE,NOT SPECIFIED,MARRIED,OTHERS,10000.0,3,44,20000,Accepted
4405987,MALE,PRIMARY/ELEMENTARY,MARRIED,OTHERS,12000.0,3,48,20000,Accepted
4405988,MALE,PRIMARY/ELEMENTARY,MARRIED,OTHERS,10000.0,3,44,1500,Accepted
4405989,Un Specified,PRIMARY/ELEMENTARY,MARRIED,OTHERS,10000.0,3,44,10000,Accepted
4405990,Un Specified,NOT SPECIFIED,MARRIED,OTHERS,10000.0,1,44,10000,Rejected
4405991,MALE,PRIMARY/ELEMENTARY,MARRIED,OTHERS,10000.0,1,44,10000,Rejected
4405992,MALE,NOT SPECIFIED,MARRIED,OTHERS,20000.0,1,68,10000,Rejected
4405993,FEMALE,NOT SPECIFIED,MARRIED,OTHERS,20000.0,1,68,20000,Rejected
4405994,FEMALE,NOT SPECIFIED,SINGLE,OTHERS,8000.0,3,36,20000,Accepted
4405995,FEMALE,PRIMARY/ELEMENTARY,MARRIED,OTHERS,10000.0,3,44,20000,Accepted
4405996,MALE,NOT SPECIFIED,UNSPECIFIED,OTHERS,20000.0,3,68,10000,Accepted
4405997,MALE,NOT SPECIFIED,MARRIED,OTHERS,10000.0,3,44,20000,Accepted
4405998,Un Specified,NOT SPECIFIED,MARRIED,OTHERS,10000.0,3,44,20000,Accepted
4405999,Un Specified,PRIMARY/ELEMENTARY,MARRIED,OTHERS,20000.0,3,68,20000,Accepted
4406000,MALE,NOT SPECIFIED,UNSPECIFIED,OTHERS,20000.0,3,68,20000,Accepted
4406001,MALE,PRIMARY/ELEMENTARY,MARRIED,OTHERS,20000.0,1,68,20000,Rejected
4406002,FEMALE,NOT SPECIFIED,MARRIED,OTHERS,20000.0,3,68,10000,Accepted
4406003,FEMALE,PRIMARY/ELEMENTARY,MARRIED,OTHERS,10000.0,1,44,10000,Rejected
4406004,FEMALE,PRIMARY/ELEMENTARY,UNSPECIFIED,OTHERS,10000.0,1,44,10000,Rejected
4406005,MALE,PRIMARY/ELEMENTARY,MARRIED,OTHERS,10000.0,2,44,20000,Accepted
4406006,MALE,NOT SPECIFIED,MARRIED,OTHERS,10000.0,2,44,20000,Accepted
4406007,Un Specified,PRIMARY/ELEMENTARY,MARRIED,OTHERS,10000.0,3,44,10000,Rejected
4406008,Un Specified,NOT SPECIFIED,MARRIED,OTHERS,10000.0,3,44,20000,Rejected
4406009,MALE,NOT SPECIFIED,SINGLE,OTHERS,20000.0,2,68,10000,Accepted
4406010,MALE,NOT SPECIFIED,MARRIED,OTHERS,20000.0,2,68,20000,Accepted
4406011,FEMALE,PRIMARY/ELEMENTARY,UNSPECIFIED,OTHERS,10000.0,2,44,20000,Accepted
4406012,FEMALE,NOT SPECIFIED,UNSPECIFIED,OTHERS,10000.0,2,44,20000,Accepted
4406013,FEMALE,NOT SPECIFIED,UNSPECIFIED,OTHERS,10000.0,1,44,20000,Rejected
4406014,MALE,PRIMARY/ELEMENTARY,UNSPECIFIED,OTHERS,20000.0,1,68,10000,Rejected
4406015,MALE,NOT SPECIFIED,UNSPECIFIED,OTHERS,10000.0,1,44,10000,Rejected
4406016,Un Specified,PRIMARY/ELEMENTARY,MARRIED,OTHERS,10000.0,1,44,10000,Rejected
4406017,Un Specified,PRIMARY/ELEMENTARY,MARRIED,OTHERS,20000.0,1,68,20000,Rejected
4406018,MALE,PRIMARY/ELEMENTARY,MARRIED,OTHERS,20000.0,1,68,10000,Rejected
4406019,MALE,NOT SPECIFIED,MARRIED,OTHERS,20000.0,1,68,20000,Rejected
4406020,FEMALE,PRIMARY/ELEMENTARY,MARRIED,OTHERS,10000.0,1,44,10000,Rejected
4406021,FEMALE,NOT SPECIFIED,MARRIED,OTHERS,20000.0,1,68,10000,Rejected
4406022,FEMALE,NOT SPECIFIED,MARRIED,OTHERS,10000.0,1,44,20000,Rejected
4406023,MALE,NOT SPECIFIED,MARRIED,GOVERNMENT_EMPLOYEE,10000.0,1,44,15000,Rejected
4406024,MALE,PRIMARY/ELEMENTARY,MARRIED,OTHERS,20000.0,1,68,10000,Rejected
4406025,Un Specified,NOT SPECIFIED,SINGLE,OTHERS,10000.0,1,44,20000,Rejected
4406026,Un Specified,NOT SPECIFIED,MARRIED,OTHERS,20000.0,1,68,10000,Rejected
4406027,MALE,NOT SPECIFIED,UNSPECIFIED,OTHERS,10000.0,3,44,10000,Accepted
4406028,MALE,NOT SPECIFIED,MARRIED,OTHERS,10000.0,3,44,8000,Accepted
4406029,FEMALE,PRIMARY/ELEMENTARY,MARRIED,OTHERS,20000.0,1,68,20000,Rejected
4406030,FEMALE,NOT SPECIFIED,MARRIED,OTHERS,20000.0,1,68,20000,Rejected
4406031,FEMALE,NOT SPECIFIED,UNSPECIFIED,OTHERS,8000.0,1,36,10000,Rejected
4406032,MALE,PRIMARY/ELEMENTARY,MARRIED,OTHERS,10000.0,3,44,10000,Accepted
4406033,MALE,NOT SPECIFIED,MARRIED,OTHERS,20000.0,3,68,8000,Accepted
4406034,Un Specified,PRIMARY/ELEMENTARY,MARRIED,OTHERS,8000.0,1,36,20000,Rejected
4406035,Un Specified,NOT SPECIFIED,UNSPECIFIED,OTHERS,20000.0,1,68,10000,Rejected
4406036,MALE,PRIMARY/ELEMENTARY,MARRIED,OTHERS,20000.0,1,68,10000,Rejected
4406037,MALE,PRIMARY/ELEMENTARY,MARRIED,OTHERS,10000.0,2,44,10000,Accepted
4406038,FEMALE,PRIMARY/ELEMENTARY,MARRIED,OTHERS,10000.0,2,44,20000,Accepted
4406039,FEMALE,NOT SPECIFIED,MARRIED,OTHERS,20000.0,3,68,20000,Accepted
4406040,FEMALE,PRIMARY/ELEMENTARY,SINGLE,OTHERS,10000.0,3,44,20000,Accepted
4406041,MALE,NOT SPECIFIED,MARRIED,OTHERS,8000.0,3,36,20000,Accepted
4406042,MALE,NOT SPECIFIED,UNSPECIFIED,OTHERS,10000.0,3,44,20000,Accepted
4406043,Un Specified,NOT SPECIFIED,UNSPECIFIED,OTHERS,20000.0,1,68,20000,Rejected
4406044,Un Specified,PRIMARY/ELEMENTARY,UNSPECIFIED,OTHERS,20000.0,1,68,10000,Rejected
4406045,MALE,NOT SPECIFIED,UNSPECIFIED,OTHERS,20000.0,2,68,20000,Accepted
4406046,MALE,NOT SPECIFIED,UNSPECIFIED,OTHERS,10000.0,2,44,10000,Accepted
4406047,FEMALE,PRIMARY/ELEMENTARY,MARRIED,OTHERS,20000.0,1,68,20000,Rejected
4406048,FEMALE,NOT SPECIFIED,MARRIED,OTHERS,10000.0,1,44,10000,Rejected
4406049,FEMALE,PRIMARY/ELEMENTARY,MARRIED,OTHERS,10000.0,3,44,10000,Accepted
4406050,MALE,PRIMARY/ELEMENTARY,MARRIED,OTHERS,10000.0,1,44,20000,Rejected
4406051,MALE,PRIMARY/ELEMENTARY,MARRIED,OTHERS,10000.0,1,44,20000,Rejected
4406052,Un Specified,PRIMARY/ELEMENTARY,MARRIED,OTHERS,20000.0,2,68,10000,Accepted
4406053,Un Specified,PRIMARY/ELEMENTARY,MARRIED,OTHERS,20000.0,1,68,10000,Rejected
4406054,MALE,PRIMARY/ELEMENTARY,MARRIED,OTHERS,20000.0,1,68,10000,Rejected
4406055,MALE,PRIMARY/ELEMENTARY,MARRIED,OTHERS,20000.0,1,68,10000,Rejected
4406056,FEMALE,PRIMARY/ELEMENTARY,SINGLE,OTHERS,20000.0,1,68,10000,Rejected
4406057,FEMALE,PRIMARY/ELEMENTARY,MARRIED,OTHERS,10000.0,2,44,10000,Accepted
4406058,FEMALE,PRIMARY/ELEMENTARY,UNSPECIFIED,OTHERS,20000.0,1,68,10000,Rejected
4406059,MALE,PRIMARY/ELEMENTARY,MARRIED,OTHERS,20000.0,2,68,20000,Accepted
4406060,MALE,PRIMARY/ELEMENTARY,MARRIED,OTHERS,20000.0,3,68,10000,Accepted
